label_product,origin,bio,display_name,protected_oi,csv_ecs,proc_ecs,delta_ecs,delta_pct,csv_acd,proc_acd,delta_acd,csv_cch,proc_cch,delta_cch,csv_etf-c,proc_etf-c,delta_etf-c,csv_fru,proc_fru,delta_fru,csv_fwe,proc_fwe,delta_fwe,csv_ior,proc_ior,delta_ior,csv_ldu,proc_ldu,delta_ldu,csv_mru,proc_mru,delta_mru,csv_ozd,proc_ozd,delta_ozd,csv_pco,proc_pco,delta_pco,csv_pma,proc_pma,delta_pma,csv_swe,proc_swe,delta_swe,csv_tre,proc_tre,delta_tre,csv_wtu,proc_wtu,delta_wtu,csv_cropDiversity,proc_cropDiversity,delta_cropDiversity,csv_hedges,proc_hedges,delta_hedges,csv_livestockDensity,proc_livestockDensity,delta_livestockDensity,csv_permanentPasture,proc_permanentPasture,delta_permanentPasture,csv_plotSize,proc_plotSize,delta_plotSize
Haricot flageolet. surgelé - OI,OI,,"Haricot flageolet, surgelé Origine Inconnue",False,395.64,-17.04,412.68,104.3,2.0,1.77,0.23,11.76,10.99,0.77,386.03,384.39,1.64,4.29,4.86,0.57,1.69,0.48,1.21,0.36,0.12,0.24,-19.18,-427.54,408.36,2.64,2.58,0.06,0.01,0.01,0.0,1.65,1.63,0.02,2.18,1.79,0.39,0.83,0.57,0.26,1.09,0.88,0.21,0.29,0.45,0.16,0.0,0.0,0.0,0.0,0.0,0.0,0.0,0.0,0.0,0.0,0.0,0.0,0.0,0.0,0.0
"Olive verte, dénoyautée - OI BIO",OI,BIO,"Olive verte, dénoyautée Origine Inconnue BIO",False,3164.54,151.96,3012.58,95.2,18.46,9.92,8.54,28.03,-12.17,40.2,3021.74,5.43,3016.31,6.13,4.16,1.97,4.78,1.2,3.58,0.14,0.06,0.08,15.4,23.69,8.29,2.83,18.49,15.66,0.06,0.0,0.06,3.8,2.58,1.22,16.6,10.77,5.83,10.12,3.2,6.92,14.65,8.39,6.26,21.81,76.23,54.42,0.0,0.0,0.0,0.0,0.0,0.0,0.0,0.0,0.0,0.0,0.0,0.0,0.0,0.0,0.0
Mangue. pulpe. crue - OI BIO,OI,BIO,"Mangue, pulpe, crue Origine Inconnue BIO",False,407.43,24.68,382.75,93.9,20.75,2.04,18.71,39.66,2.5,37.16,82.34,-0.11,82.45,13.65,1.29,12.36,3.53,0.1,3.43,0.26,0.01,0.25,7.41,2.96,4.45,3.19,1.62,1.57,0.09,0.0,0.09,8.1,0.52,7.58,17.05,2.9,14.15,15.26,0.71,14.55,16.1,1.91,14.19,180.04,8.24,171.8,0.0,0.0,0.0,0.0,0.0,0.0,0.0,0.0,0.0,0.0,0.0,0.0,0.0,0.0,0.0
Poire. pulpe. crue - OI BIO,OI,BIO,"Poire, pulpe, crue Origine Inconnue BIO",False,250.12,18.22,231.9,92.7,9.77,1.01,8.76,14.44,2.8,11.64,136.18,3.92,132.26,4.1,1.62,2.48,0.95,0.12,0.83,0.09,0.03,0.06,3.77,2.77,1.0,1.7,2.18,0.48,0.04,0.0,0.04,3.35,0.96,2.39,8.9,1.08,7.82,5.62,0.36,5.26,7.85,0.73,7.12,53.39,0.64,52.75,0.0,0.0,0.0,0.0,0.0,0.0,0.0,0.0,0.0,0.0,0.0,0.0,0.0,0.0,0.0
Farine de maïs - OI,OI,,Farine de maïs Origine Inconnue,False,716.6,84.47,632.13,88.2,2.84,7.33,4.49,6.06,6.75,0.69,689.67,34.89,654.78,1.14,2.86,1.72,0.63,0.21,0.42,0.1,0.14,0.04,2.78,1.08,1.7,0.88,2.22,1.34,0.0,0.02,0.02,0.82,1.35,0.53,2.63,6.75,4.12,2.99,3.81,0.82,2.2,5.87,3.67,3.85,11.21,7.36,0.0,0.0,0.0,0.0,0.0,0.0,0.0,0.0,0.0,0.0,0.0,0.0,0.0,0.0,0.0
Maïs doux. surgelé. cru - OI,OI,,"Maïs doux, surgelé, cru Origine Inconnue",False,615.34,85.33,530.01,86.1,2.97,7.02,4.05,10.66,12.73,2.07,580.38,30.33,550.05,3.92,5.08,1.16,1.49,0.31,1.18,0.35,0.13,0.22,2.35,0.94,1.41,0.83,1.94,1.11,0.01,0.02,0.01,1.21,1.75,0.54,2.98,6.67,3.69,2.91,3.42,0.51,2.07,5.27,3.2,3.23,9.71,6.48,0.0,0.0,0.0,0.0,0.0,0.0,0.0,0.0,0.0,0.0,0.0,0.0,0.0,0.0,0.0
Ananas. pulpe. cru - OI BIO,OI,BIO,"Ananas, pulpe, cru Origine Inconnue BIO",False,351.89,49.15,302.74,86.0,6.9,7.63,0.73,33.16,7.5,25.66,251.91,-1.92,253.83,6.92,4.3,2.62,4.8,4.26,0.54,0.01,0.05,0.04,5.9,2.66,3.24,4.66,2.41,2.25,0.01,0.01,0.0,5.66,2.23,3.43,5.95,9.32,3.37,19.97,2.78,17.19,5.4,7.55,2.15,0.64,0.38,0.26,0.0,0.0,0.0,0.0,0.0,0.0,0.0,0.0,0.0,0.0,0.0,0.0,0.0,0.0,0.0
Orange. pulpe. crue - OI BIO,OI,BIO,"Orange, pulpe, crue Origine Inconnue BIO",False,127.23,20.49,106.74,83.9,3.41,3.88,0.47,8.81,1.87,6.94,43.12,-0.26,43.38,1.88,0.5,1.38,0.69,0.12,0.57,0.0,0.01,0.01,1.71,1.98,0.27,1.59,1.54,0.05,0.0,0.0,0.0,1.1,0.32,0.78,3.06,4.74,1.68,1.46,1.36,0.1,2.74,3.96,1.22,57.67,0.47,57.2,0.0,0.0,0.0,0.0,0.0,0.0,0.0,0.0,0.0,0.0,0.0,0.0,0.0,0.0,0.0
Maïs doux. appertisé. égoutté - OI,OI,,"Maïs doux, appertisé, égoutté Origine Inconnue",False,860.97,168.75,692.22,80.4,9.36,12.87,3.51,48.65,49.34,0.69,732.87,36.95,695.92,22.39,20.99,1.4,10.36,1.27,9.09,2.38,0.83,1.55,3.12,1.14,1.98,1.48,2.36,0.88,0.02,0.02,0.0,5.04,5.33,0.29,10.93,13.54,2.61,5.0,4.85,0.15,4.72,7.47,2.75,4.66,11.78,7.12,0.0,0.0,0.0,0.0,0.0,0.0,0.0,0.0,0.0,0.0,0.0,0.0,0.0,0.0,0.0
"Petits pois, écossés, crus - FR BIO",FR,BIO,"Petits pois, écossés, crus FR BIO",False,16.15,65.19,49.04,75.2,0.92,0.59,0.33,20.89,19.34,1.55,9.39,5.16,4.23,3.57,3.82,0.25,7.41,7.35,0.06,0.09,0.08,0.01,23.99,23.99,0.0,2.31,2.35,0.04,0.01,0.01,0.0,1.03,0.99,0.04,0.68,0.36,0.32,0.81,0.71,0.1,0.62,0.32,0.3,0.17,0.13,0.04,-37.13,0.0,37.13,-6.15,0.0,6.15,0.0,0.0,0.0,0.0,0.0,0.0,-12.45,0.0,12.45
"Cacahuète ou Arachide décortiquée (cuites, grillées, salées, bouilles) - OI BIO",OI,BIO,"Cacahuète ou Arachide décortiquée (cuites, grillées, salées, bouilles) Origine Inconnue BIO",False,1514.46,396.26,1118.2,73.8,103.82,40.52,63.3,113.24,37.81,75.43,814.7,37.7,777.0,32.77,9.01,23.76,34.31,10.9,23.41,0.91,0.1,0.81,88.41,46.19,42.22,13.97,5.92,8.05,0.33,0.01,0.32,18.9,7.43,11.47,93.07,46.32,46.75,104.65,19.43,85.22,83.26,40.58,42.68,12.12,94.33,82.21,0.0,0.0,0.0,0.0,0.0,0.0,0.0,0.0,0.0,0.0,0.0,0.0,0.0,0.0,0.0
"Salade crue, découpée, nettoyée (laitue, mache, mesclun, jeunes pousses, scarole, pissenlit, roquette, cresson) - FR BIO",FR,BIO,"Salade crue, découpée, nettoyée (laitue, mache, mesclun, jeunes pousses, scarole, pissenlit, roquette, cresson) FR BIO",False,41.92,13.65,28.27,67.4,3.08,1.55,1.53,7.43,0.7,6.73,11.88,-5.27,17.15,4.82,4.5,0.32,0.32,0.05,0.27,0.21,0.18,0.03,0.59,0.54,0.05,3.02,2.93,0.09,0.0,0.0,0.0,0.76,0.34,0.42,3.78,2.3,1.48,0.84,0.41,0.43,2.7,1.43,1.27,4.19,3.98,0.21,-0.75,0.0,0.75,-0.3,0.0,0.3,0.0,0.0,0.0,0.0,0.0,0.0,-0.64,0.0,0.64
Ail séché. poudre - FR BIO,FR,BIO,"Ail séché, poudre FR BIO",False,119.27,320.83,201.56,62.8,4.86,22.85,17.99,13.25,129.89,116.64,4.4,25.34,20.94,50.27,57.41,7.14,1.95,3.82,1.87,20.38,2.53,17.85,3.41,3.95,0.54,3.92,4.37,0.45,0.01,0.03,0.02,1.43,12.49,11.06,6.52,26.84,20.32,1.95,6.18,4.23,4.05,10.81,6.76,10.93,14.33,3.4,-3.59,0.0,3.59,-1.48,0.0,1.48,0.0,0.0,0.0,0.0,0.0,0.0,-3.0,0.0,3.0
Farine d'avoine (CMAPS) - OI BIO,OI,BIO,Farine d'avoine (CMAPS) Origine Inconnue BIO,False,362.31,134.65,227.66,62.8,98.67,10.6,88.07,19.18,23.25,4.07,20.37,14.46,5.91,5.74,7.36,1.62,1.4,13.84,12.44,0.17,0.11,0.06,7.91,28.5,20.59,2.86,2.87,0.01,0.01,0.01,0.0,3.67,4.37,0.7,92.23,12.37,79.86,25.98,4.4,21.58,82.29,9.44,72.85,1.85,3.08,1.23,0.0,0.0,0.0,0.0,0.0,0.0,0.0,0.0,0.0,0.0,0.0,0.0,0.0,0.0,0.0
Farine de riz - OI BIO,OI,BIO,Farine de riz Origine Inconnue BIO,False,796.96,316.62,480.34,60.3,31.28,26.19,5.09,84.42,76.5,7.92,447.58,13.45,434.13,7.86,4.19,3.67,3.5,2.61,0.89,0.16,0.15,0.01,5.55,6.04,0.49,6.35,1.7,4.65,0.02,0.0,0.02,6.12,3.25,2.87,28.16,32.18,4.02,45.61,9.58,36.03,25.71,27.22,1.51,104.63,113.56,8.93,0.0,0.0,0.0,0.0,0.0,0.0,0.0,0.0,0.0,0.0,0.0,0.0,0.0,0.0,0.0
Ail séché. poudre - FR,FR,,"Ail séché, poudre FR",False,146.65,342.6,195.95,57.2,3.63,21.62,17.99,14.15,130.79,116.64,26.77,47.67,20.9,50.61,57.74,7.13,2.01,3.88,1.87,20.37,2.52,17.85,3.09,3.63,0.54,4.11,4.56,0.45,0.02,0.03,0.01,1.71,12.76,11.05,4.38,24.71,20.33,5.76,9.98,4.22,2.05,8.81,6.76,10.49,13.89,3.4,0.0,0.0,0.0,-0.58,0.0,0.58,0.0,0.0,0.0,0.0,0.0,0.0,-1.92,0.0,1.92
Jus - Framboise (CMAPS) - OI BIO,OI,BIO,Jus - Framboise (CMAPS) Origine Inconnue BIO,False,681.47,300.47,381.0,55.9,45.89,38.24,7.65,46.04,41.29,4.75,423.98,30.97,393.01,10.87,11.99,1.12,4.38,3.06,1.32,0.14,0.11,0.03,11.55,20.95,9.4,8.41,16.24,7.83,0.03,0.01,0.02,9.06,10.12,1.06,41.85,46.02,4.17,23.46,14.2,9.26,37.91,37.89,0.02,17.89,29.37,11.48,0.0,0.0,0.0,0.0,0.0,0.0,0.0,0.0,0.0,0.0,0.0,0.0,0.0,0.0,0.0
"Salade crue, découpée, nettoyée (laitue, mache, mesclun, jeunes pousses, scarole, pissenlit, roquette, cresson) - FR",FR,,"Salade crue, découpée, nettoyée (laitue, mache, mesclun, jeunes pousses, scarole, pissenlit, roquette, cresson) FR",False,53.08,23.65,29.43,55.4,2.62,1.09,1.53,7.42,0.69,6.73,23.56,6.41,17.15,4.63,4.32,0.31,0.35,0.08,0.27,0.19,0.17,0.02,0.54,0.5,0.04,2.8,2.71,0.09,0.01,0.01,0.0,0.87,0.46,0.41,2.8,1.32,1.48,1.89,1.46,0.43,1.99,0.72,1.27,3.93,3.71,0.22,0.0,0.0,0.0,-0.12,0.0,0.12,0.0,0.0,0.0,0.0,0.0,0.0,-0.4,0.0,0.4
"Fruits rouges. crus (framboises. fraises. groseilles. cassis), surgelé - OI BIO",OI,BIO,"Fruits rouges, crus (framboises, fraises, groseilles, cassis), surgelé Origine Inconnue BIO",False,467.11,220.49,246.62,52.8,31.9,26.58,5.32,34.63,35.94,1.31,280.21,24.72,255.49,11.68,11.18,0.5,4.68,2.19,2.49,0.52,0.17,0.35,7.7,14.0,6.3,5.71,10.93,5.22,0.02,0.01,0.01,6.84,7.44,0.6,29.56,31.88,2.32,15.54,9.79,5.75,25.74,25.79,0.05,12.39,19.87,7.48,0.0,0.0,0.0,0.0,0.0,0.0,0.0,0.0,0.0,0.0,0.0,0.0,0.0,0.0,0.0
Haricot blanc. appertisé. égoutté - FR BIO,FR,BIO,"Haricot blanc, appertisé, égoutté FR BIO",False,62.74,129.66,66.92,51.6,2.83,8.96,6.13,7.4,46.39,38.99,3.76,9.63,5.87,26.86,19.83,7.03,1.22,1.89,0.67,11.08,0.82,10.26,7.13,7.3,0.17,3.97,3.9,0.07,0.01,0.01,0.0,0.85,4.53,3.68,3.67,10.36,6.69,1.01,2.4,1.39,2.33,4.61,2.28,7.07,9.02,1.95,-10.97,0.0,10.97,-1.81,0.0,1.81,0.0,0.0,0.0,0.0,0.0,0.0,-3.67,0.0,3.67
Tomate. pelée. appertisée. égouttée - OI BIO,OI,BIO,"Tomate, pelée, appertisée, égouttée Origine Inconnue BIO",False,328.53,160.9,167.63,51.0,9.04,11.1,2.06,48.96,55.2,6.24,178.77,14.57,164.2,24.22,24.49,0.27,10.68,1.3,9.38,2.42,0.87,1.55,1.69,0.68,1.01,1.45,5.04,3.59,0.03,0.02,0.01,5.1,5.68,0.58,10.62,20.57,9.95,4.92,2.9,2.02,4.25,5.98,1.73,26.38,12.5,13.88,0.0,0.0,0.0,0.0,0.0,0.0,0.0,0.0,0.0,0.0,0.0,0.0,0.0,0.0,0.0
"Haricot vert, découpé, cru - FR BIO",FR,BIO,"Haricot vert, découpé, cru FR BIO",False,17.55,33.43,15.88,47.5,2.54,2.43,0.11,3.44,2.85,0.59,3.04,1.21,1.83,0.56,0.92,0.36,0.9,0.89,0.01,0.02,0.01,0.01,7.86,7.85,0.01,3.71,3.77,0.06,0.0,0.0,0.0,0.33,0.36,0.03,2.81,2.71,0.1,0.83,0.8,0.03,2.36,2.24,0.12,7.41,7.39,0.02,-12.18,0.0,12.18,-2.0,0.0,2.0,0.0,0.0,0.0,0.0,0.0,0.0,-4.09,0.0,4.09
Haricot flageolet. surgelé - OI BIO,OI,BIO,"Haricot flageolet, surgelé Origine Inconnue BIO",False,19.59,34.38,14.79,43.0,2.33,2.36,0.03,13.98,13.97,0.01,18.85,17.87,0.98,6.36,5.9,0.46,2.01,0.79,1.22,0.39,0.15,0.24,-16.14,-16.13,0.01,1.8,1.78,0.02,0.01,0.01,0.0,2.89,2.84,0.05,1.89,1.81,0.08,1.3,1.04,0.26,1.57,1.59,0.02,0.25,0.39,0.14,-11.94,0.0,11.94,-1.97,0.0,1.97,0.0,0.0,0.0,0.0,0.0,0.0,-4.0,0.0,4.0
Tomate. pelée. appertisée. égouttée - FR,FR,,"Tomate, pelée, appertisée, égouttée FR",False,67.42,116.93,49.51,42.3,1.61,7.8,6.19,9.67,48.3,38.63,4.54,11.07,6.53,30.04,21.83,8.21,0.46,1.16,0.7,11.59,0.88,10.71,0.22,0.41,0.19,2.1,2.0,0.1,0.01,0.01,0.0,1.04,4.68,3.64,2.37,9.06,6.69,1.21,2.54,1.33,0.99,3.32,2.33,1.77,3.87,2.1,0.0,0.0,0.0,-0.05,0.0,0.05,0.0,0.0,0.0,0.0,0.0,0.0,-0.16,0.0,0.16
Pêche. pulpe et peau. crue - OI BIO,OI,BIO,"Pêche, pulpe et peau, crue Origine Inconnue BIO",False,309.78,181.81,127.97,41.3,10.4,1.34,9.06,18.52,4.51,14.01,169.15,2.2,166.95,4.83,2.98,1.85,1.19,0.23,0.96,0.11,0.11,0.0,4.23,2.92,1.31,1.97,3.18,1.21,0.05,0.0,0.05,4.03,1.03,3.0,9.4,1.46,7.94,6.52,0.39,6.13,8.31,0.72,7.59,71.08,160.71,89.63,0.0,0.0,0.0,0.0,0.0,0.0,0.0,0.0,0.0,0.0,0.0,0.0,0.0,0.0,0.0
"Citron. pulpe, cru - OI BIO",OI,BIO,"Citron, pulpe, cru Origine Inconnue BIO",False,49.05,30.22,18.83,38.4,5.05,4.71,0.34,12.01,3.24,8.77,7.2,-0.8,8.0,1.48,1.69,0.21,0.61,0.07,0.54,0.02,0.05,0.03,3.62,3.58,0.04,3.12,3.16,0.04,0.0,0.0,0.0,0.95,0.77,0.18,5.91,5.54,0.37,2.35,1.64,0.71,4.86,4.59,0.27,1.98,1.99,0.01,-0.01,0.0,0.01,-0.03,0.0,0.03,0.0,0.0,0.0,0.0,0.0,0.0,-0.05,0.0,0.05
Farine de soja - OI BIO,OI,BIO,Farine de soja Origine Inconnue BIO,False,1570.5,1027.2,543.3,34.6,3.42,2.99,0.43,42.86,875.26,832.4,1485.36,124.41,1360.95,3.8,4.44,0.64,2.61,0.98,1.63,0.14,0.15,0.01,1.22,1.9,0.68,6.46,2.52,3.94,0.01,0.01,0.0,2.71,3.57,0.86,4.06,4.72,0.66,14.78,3.69,11.09,1.87,2.05,0.18,1.21,0.53,0.68,0.0,0.0,0.0,0.0,0.0,0.0,0.0,0.0,0.0,0.0,0.0,0.0,0.0,0.0,0.0
Haricot blanc. appertisé. égoutté - FR,FR,,"Haricot blanc, appertisé, égoutté FR",False,111.67,165.75,54.08,32.6,4.35,10.47,6.12,7.52,46.51,38.99,41.03,46.91,5.88,26.9,19.86,7.04,1.07,1.75,0.68,11.08,0.82,10.26,5.36,5.53,0.17,1.02,0.95,0.07,0.01,0.02,0.01,0.99,4.67,3.68,4.5,11.2,6.7,2.6,3.98,1.38,3.38,5.66,2.28,5.47,7.42,1.95,0.0,0.0,0.0,-0.86,0.0,0.86,0.0,0.0,0.0,0.0,0.0,0.0,-2.75,0.0,2.75
Persil. séché - FR,FR,,"Persil, séché FR",False,934.25,1334.9,400.65,30.0,74.31,114.46,40.15,123.64,383.78,260.14,67.12,114.05,46.93,166.94,151.08,15.86,15.6,19.02,3.42,59.88,5.61,54.27,59.17,60.3,1.13,18.09,18.45,0.36,0.06,0.1,0.04,25.28,49.81,24.53,64.9,109.74,44.84,148.29,157.49,9.2,60.61,75.65,15.04,69.76,75.31,5.55,0.0,0.0,0.0,-4.23,0.0,4.23,0.0,0.0,0.0,0.0,0.0,0.0,-15.18,0.0,15.18
Maïs doux. appertisé. égoutté - FR BIO,FR,BIO,"Maïs doux, appertisé, égoutté FR BIO",False,107.61,153.05,45.44,29.7,10.85,14.98,4.13,16.22,52.77,36.55,6.66,12.2,5.54,29.25,20.77,8.48,2.25,2.57,0.32,11.66,0.92,10.74,6.78,5.6,1.18,1.67,1.41,0.26,0.01,0.01,0.0,1.31,4.82,3.51,14.38,18.44,4.06,4.02,4.63,0.61,11.29,11.41,0.12,0.4,2.5,2.1,-2.73,0.0,2.73,-2.92,0.0,2.92,0.0,0.0,0.0,0.0,0.0,0.0,-3.5,0.0,3.5
"Farine de blé tendre, froment ou millet - FR BIO",FR,BIO,"Farine de blé tendre, froment ou millet FR BIO",False,72.13,97.07,24.94,25.7,13.29,13.51,0.22,18.36,19.75,1.39,6.03,6.28,0.25,2.95,2.73,0.22,2.88,2.89,0.01,0.41,0.06,0.35,13.49,13.5,0.01,1.26,1.26,0.0,0.0,0.0,0.0,1.18,1.31,0.13,16.4,16.65,0.25,4.94,4.99,0.05,13.91,13.99,0.08,0.13,0.15,0.02,-12.59,0.0,12.59,-3.52,0.0,3.52,0.0,0.0,0.0,0.0,0.0,0.0,-6.99,0.0,6.99
"Pièces de boeuf, désossée, crue (côte, épaule, gite, joue, jarret, rosbif, onglet, bavette...) - FR BIO",FR,BIO,"Pièces de boeuf, désossée, crue (côte, épaule, gite, joue, jarret, rosbif, onglet, bavette...) FR BIO",False,1615.25,2124.6,509.35,24.0,329.12,328.85,0.27,774.13,774.75,0.62,92.9,92.23,0.67,39.33,38.76,0.57,9.92,9.8,0.12,1.67,1.09,0.58,159.97,159.7,0.27,29.02,28.92,0.1,0.06,0.06,0.0,31.76,31.81,0.05,305.46,305.21,0.25,69.18,69.02,0.16,279.56,279.15,0.41,5.12,5.27,0.15,-19.78,0.0,19.78,-139.45,0.0,139.45,15.64,0.0,15.64,-205.08,0.0,205.08,-163.28,0.0,163.28
Banane. pulpe. crue - OI BIO,OI,BIO,"Banane, pulpe, crue Origine Inconnue BIO",False,63.86,49.23,14.63,22.9,6.6,6.27,0.33,17.5,8.73,8.77,8.84,0.84,8.0,3.48,3.68,0.2,1.47,0.93,0.54,-0.01,0.03,0.04,2.85,2.81,0.04,2.01,2.04,0.03,0.0,0.0,0.0,3.24,3.06,0.18,6.74,6.38,0.36,3.31,2.6,0.71,6.38,6.12,0.26,5.73,5.74,0.01,-0.66,0.0,0.66,-1.84,0.0,1.84,0.0,0.0,0.0,0.0,0.0,0.0,-1.77,0.0,1.77
"Olive verte, dénoyautée - FR",FR,,"Olive verte, dénoyautée FR",False,105.93,131.64,25.71,19.5,8.73,7.91,0.82,2.1,-1.88,3.98,32.43,40.24,7.81,0.77,4.2,3.43,0.7,0.53,0.17,0.08,0.07,0.01,13.09,13.1,0.01,3.24,3.44,0.2,0.0,0.01,0.01,2.45,2.34,0.11,8.06,7.27,0.79,5.87,5.66,0.21,6.99,6.25,0.74,42.3,42.49,0.19,-4.67,0.0,4.67,-4.41,0.0,4.41,0.0,0.0,0.0,0.0,0.0,0.0,-11.8,0.0,11.8
"Pièces de boeuf, désossée, crue (côte, épaule, gite, joue, jarret, rosbif, onglet, bavette...) - FR",FR,,"Pièces de boeuf, désossée, crue (côte, épaule, gite, joue, jarret, rosbif, onglet, bavette...) FR",False,2200.78,2665.2,464.42,17.4,354.8,354.47,0.33,789.71,790.31,0.6,518.09,516.71,1.38,45.2,44.63,0.57,10.97,10.84,0.13,1.99,1.41,0.58,144.78,144.54,0.24,32.21,32.09,0.12,0.1,0.1,0.0,38.13,38.17,0.04,321.6,321.32,0.28,101.69,101.47,0.22,296.16,295.74,0.42,13.24,13.38,0.14,0.0,0.0,0.0,-123.05,0.0,123.05,14.94,0.0,14.94,-221.49,0.0,221.49,-138.28,0.0,138.28
Farine de soja - FR,FR,,Farine de soja FR,False,75.69,91.29,15.6,17.1,2.04,2.32,0.28,15.47,17.28,1.81,26.37,26.66,0.29,2.81,2.53,0.28,4.64,4.65,0.01,0.52,0.06,0.46,18.41,18.39,0.02,1.27,1.27,0.0,0.01,0.01,0.0,0.74,0.91,0.17,1.85,2.16,0.31,13.12,13.16,0.04,1.45,1.55,0.1,0.31,0.34,0.03,0.0,0.0,0.0,-3.79,0.0,3.79,0.0,0.0,0.0,0.0,0.0,0.0,-9.54,0.0,9.54
Maïs doux. surgelé. cru - FR BIO,FR,BIO,"Maïs doux, surgelé, cru FR BIO",False,57.8,69.63,11.83,17.0,8.37,9.14,0.77,11.51,16.16,4.65,5.74,5.58,0.16,5.93,4.87,1.06,1.68,1.62,0.06,1.53,0.21,1.32,5.38,5.41,0.03,1.02,0.99,0.03,0.01,0.0,0.01,0.8,1.24,0.44,10.77,11.58,0.81,3.26,3.2,0.06,8.92,9.21,0.29,0.18,0.43,0.25,-2.18,0.0,2.18,-2.33,0.0,2.33,0.0,0.0,0.0,0.0,0.0,0.0,-2.79,0.0,2.79
Farine de maïs - FR BIO,FR,BIO,Farine de maïs FR BIO,False,58.24,69.19,10.95,15.8,9.87,10.13,0.26,10.87,12.68,1.81,5.43,5.75,0.32,3.03,2.74,0.29,1.8,1.81,0.01,0.64,0.17,0.47,6.41,6.41,0.0,1.1,1.1,0.0,0.0,0.0,0.0,0.74,0.91,0.17,12.64,12.93,0.29,3.56,3.61,0.05,10.57,10.66,0.09,0.26,0.26,0.0,-2.59,0.0,2.59,-2.77,0.0,2.77,0.0,0.0,0.0,0.0,0.0,0.0,-3.32,0.0,3.32
Haricot flageolet. surgelé - FR,FR,,"Haricot flageolet, surgelé FR",False,65.33,77.11,11.78,15.3,2.01,2.77,0.76,16.42,21.07,4.65,36.55,36.38,0.17,7.38,6.3,1.08,1.87,1.81,0.06,1.48,0.16,1.32,-13.04,-13.02,0.02,2.28,2.25,0.03,0.01,0.01,0.0,2.49,2.93,0.44,1.56,2.36,0.8,11.76,11.7,0.06,1.49,1.78,0.29,0.41,0.61,0.2,0.0,0.0,0.0,-1.74,0.0,1.74,0.0,0.0,0.0,0.0,0.0,0.0,-5.6,0.0,5.6
"Fraise. crue, surgelé - FR BIO",FR,BIO,"Fraise, crue, surgelé FR BIO",False,86.64,102.21,15.57,15.2,3.17,3.9,0.73,7.85,13.82,5.97,44.03,44.93,0.9,10.82,8.31,2.51,1.23,1.22,0.01,2.66,0.36,2.3,4.6,4.62,0.02,4.1,4.07,0.03,0.01,0.01,0.0,1.19,1.7,0.51,3.56,4.31,0.75,1.06,1.22,0.16,2.55,2.83,0.28,11.03,10.94,0.09,-5.0,0.0,5.0,-2.06,0.0,2.06,0.0,0.0,0.0,0.0,0.0,0.0,-4.16,0.0,4.16
Ananas. pulpe. cru - OI,OI,,"Ananas, pulpe, cru Origine Inconnue",False,351.89,306.69,45.2,12.8,6.9,6.05,0.85,33.16,12.73,20.43,251.91,233.22,18.69,6.92,6.78,0.14,4.8,3.57,1.23,0.01,0.05,0.04,5.9,5.79,0.11,4.66,4.64,0.02,0.01,0.01,0.0,5.66,5.15,0.51,5.95,5.04,0.91,19.97,18.29,1.68,5.4,4.75,0.65,0.64,0.63,0.01,0.0,0.0,0.0,0.0,0.0,0.0,0.0,0.0,0.0,0.0,0.0,0.0,0.0,0.0,0.0
Banane. pulpe. crue - FR,FR,,"Banane, pulpe, crue FR",False,101.07,88.96,12.11,12.0,9.14,8.53,0.61,8.2,5.41,2.79,56.86,49.6,7.26,2.73,2.85,0.12,0.18,0.08,0.1,0.07,0.06,0.01,1.88,1.87,0.01,1.3,1.31,0.01,0.01,0.0,0.01,1.16,1.04,0.12,8.61,8.02,0.59,0.8,0.62,0.18,7.51,6.98,0.53,2.67,2.59,0.08,-0.01,0.0,0.01,-0.02,0.0,0.02,0.0,0.0,0.0,0.0,0.0,0.0,-0.02,0.0,0.02
Ail séché. poudre - OI,OI,,"Ail séché, poudre Origine Inconnue",False,601.55,680.67,79.12,11.6,56.22,63.03,6.81,92.85,139.23,46.38,246.33,255.05,8.72,44.39,60.68,16.29,20.6,4.93,15.67,3.97,2.51,1.46,3.55,3.79,0.24,3.22,3.57,0.35,0.1,0.11,0.01,10.96,15.17,4.21,57.28,64.22,6.94,14.8,16.09,1.29,41.12,43.62,2.5,6.18,8.66,2.48,0.0,0.0,0.0,0.0,0.0,0.0,0.0,0.0,0.0,0.0,0.0,0.0,0.0,0.0,0.0
"Pièces de porc, désossée, crue (poitrine, longe, jarret, cote, rouelle, carre, filet, roti, palette, jambonneau, escalope, travers, échine) - FR",FR,,"Pièces de porc, désossée, crue (poitrine, longe, jarret, cote, rouelle, carre, filet, roti, palette, jambonneau, escalope, travers, échine) FR",False,1422.15,1267.3,154.85,10.9,83.29,83.87,0.58,163.14,167.06,3.92,718.25,718.08,0.17,38.09,36.66,1.43,7.42,7.35,0.07,3.4,2.06,1.34,25.54,25.56,0.02,21.17,21.02,0.15,0.07,0.07,0.0,12.27,12.61,0.34,80.17,80.91,0.74,32.41,32.52,0.11,67.62,67.8,0.18,13.77,11.72,2.05,0.0,0.0,0.0,-4.35,0.0,4.35,167.41,0.0,167.41,0.0,0.0,0.0,-7.51,0.0,7.51
Concombre. pulpe. cru - FR,FR,,"Concombre, pulpe, cru FR",False,21.47,19.3,2.17,10.1,1.25,1.14,0.11,5.57,4.97,0.6,4.64,2.81,1.83,2.8,3.15,0.35,0.08,0.07,0.01,0.09,0.08,0.01,0.2,0.2,0.0,1.6,1.66,0.06,0.01,0.01,0.0,0.49,0.52,0.03,1.37,1.26,0.11,0.99,0.95,0.04,0.93,0.81,0.12,1.69,1.68,0.01,0.0,0.0,0.0,-0.05,0.0,0.05,0.0,0.0,0.0,0.0,0.0,0.0,-0.17,0.0,0.17
Mangue. pulpe. crue - FR,FR,,"Mangue, pulpe, crue FR",False,66.06,59.46,6.6,10.0,2.62,2.29,0.33,4.59,3.03,1.56,42.18,37.95,4.23,1.34,1.59,0.25,0.17,0.12,0.05,0.04,0.03,0.01,2.0,1.99,0.01,2.68,2.72,0.04,0.0,0.0,0.0,0.57,0.53,0.04,2.79,2.48,0.31,0.31,0.22,0.09,1.86,1.56,0.3,4.97,4.93,0.04,-0.02,0.0,0.02,-0.02,0.0,0.02,0.0,0.0,0.0,0.0,0.0,0.0,-0.05,0.0,0.05
Maïs doux. appertisé. égoutté - FR,FR,,"Maïs doux, appertisé, égoutté FR",False,205.23,226.99,21.76,9.6,9.22,13.68,4.46,17.46,53.76,36.3,104.07,89.87,14.2,29.9,21.28,8.62,1.82,2.23,0.41,11.63,0.9,10.73,4.8,4.03,0.77,2.18,1.82,0.36,0.02,0.02,0.0,1.94,5.32,3.38,9.15,14.27,5.12,5.39,5.72,0.33,7.62,8.48,0.86,4.29,5.6,1.31,0.0,0.0,0.0,-1.79,0.0,1.79,0.0,0.0,0.0,0.0,0.0,0.0,-2.46,0.0,2.46
Poire. pulpe. crue - FR,FR,,"Poire, pulpe, crue FR",False,25.13,22.81,2.32,9.2,0.84,0.73,0.11,3.04,2.44,0.6,8.56,6.73,1.83,1.21,1.56,0.35,0.08,0.07,0.01,0.08,0.07,0.01,1.04,1.04,0.0,1.3,1.36,0.06,0.01,0.01,0.0,0.36,0.39,0.03,0.69,0.59,0.1,0.61,0.57,0.04,0.61,0.49,0.12,6.77,6.75,0.02,-0.02,0.0,0.02,0.0,0.0,0.0,0.0,0.0,0.0,0.0,0.0,0.0,-0.04,0.0,0.04
Pomme. pulpe. crue - FR BIO,FR,BIO,"Pomme, pulpe, crue FR BIO",False,23.11,21.05,2.06,8.9,1.33,1.22,0.11,4.14,3.55,0.59,2.92,1.09,1.83,1.66,2.01,0.35,0.11,0.1,0.01,0.08,0.07,0.01,1.86,1.86,0.0,2.58,2.64,0.06,0.0,0.0,0.0,0.59,0.62,0.03,1.5,1.4,0.1,0.43,0.39,0.04,1.22,1.1,0.12,5.02,5.01,0.01,-0.05,0.0,0.05,-0.1,0.0,0.1,0.0,0.0,0.0,0.0,0.0,0.0,-0.18,0.0,0.18
Farine d'avoine (CMAPS) - FR,FR,,Farine d'avoine (CMAPS) FR,False,186.96,204.31,17.35,8.5,13.29,13.55,0.26,24.69,26.49,1.8,24.41,24.7,0.29,6.07,5.77,0.3,9.8,9.8,0.0,0.56,0.09,0.47,15.9,15.88,0.02,3.21,3.2,0.01,0.01,0.01,0.0,3.14,3.31,0.17,12.72,13.02,0.3,74.31,74.26,0.05,10.61,10.7,0.09,3.5,3.53,0.03,0.0,0.0,0.0,-5.29,0.0,5.29,0.0,0.0,0.0,0.0,0.0,0.0,-9.96,0.0,9.96
Orange. pulpe. crue - OI,OI,,"Orange, pulpe, crue Origine Inconnue",False,127.23,116.49,10.74,8.4,3.41,3.22,0.19,8.81,3.68,5.13,43.12,38.48,4.64,1.88,2.19,0.31,0.69,0.37,0.32,0.0,0.04,0.04,1.71,1.69,0.02,1.59,1.64,0.05,0.0,0.0,0.0,1.1,1.02,0.08,3.06,2.86,0.2,1.46,1.04,0.42,2.74,2.59,0.15,57.67,57.68,0.01,0.0,0.0,0.0,0.0,0.0,0.0,0.0,0.0,0.0,0.0,0.0,0.0,0.0,0.0,0.0
Ananas. pulpe. cru - FR,FR,,"Ananas, pulpe, cru FR",False,313.9,287.78,26.12,8.3,6.39,4.87,1.52,15.88,9.15,6.73,245.95,228.8,17.15,5.19,4.87,0.32,3.89,3.61,0.28,0.09,0.07,0.02,2.29,2.25,0.04,5.05,4.97,0.08,0.01,0.01,0.0,2.8,2.38,0.42,6.08,4.59,1.49,17.89,17.46,0.43,4.86,3.59,1.27,1.36,1.14,0.22,-0.82,0.0,0.82,-1.52,0.0,1.52,0.0,0.0,0.0,0.0,0.0,0.0,-1.49,0.0,1.49
Yaourt à la grecque. au lait de brebis - OI,OI,,"Yaourt à la grecque, au lait de brebis Origine Inconnue",False,203.81,187.32,16.49,8.1,32.51,31.81,0.7,50.44,48.36,2.08,19.4,17.13,2.27,8.02,6.47,1.55,2.68,0.9,1.78,0.48,0.22,0.26,13.15,13.04,0.11,7.94,1.86,6.08,0.01,0.01,0.0,2.58,2.22,0.36,30.57,29.71,0.86,8.78,8.6,0.18,26.47,26.21,0.26,0.77,0.8,0.03,0.0,0.0,0.0,0.0,0.0,0.0,0.0,0.0,0.0,0.0,0.0,0.0,0.0,0.0,0.0
"Fraise. crue, surgelé - FR",FR,,"Fraise, crue, surgelé FR",False,78.56,85.04,6.48,7.6,4.42,5.14,0.72,6.22,12.19,5.97,33.9,34.79,0.89,8.66,6.15,2.51,0.81,0.8,0.01,2.55,0.25,2.3,2.56,2.58,0.02,1.79,1.75,0.04,0.01,0.01,0.0,0.99,1.5,0.51,4.13,4.87,0.74,4.85,5.01,0.16,3.36,3.64,0.28,6.45,6.36,0.09,0.0,0.0,0.0,-0.49,0.0,0.49,0.0,0.0,0.0,0.0,0.0,0.0,-1.64,0.0,1.64
Concombre. pulpe. cru - FR BIO,FR,BIO,"Concombre, pulpe, cru FR BIO",False,21.35,19.78,1.57,7.4,1.85,1.74,0.11,5.75,5.15,0.6,2.85,1.03,1.82,2.99,3.34,0.35,0.07,0.06,0.01,0.09,0.09,0.0,0.25,0.25,0.0,1.82,1.88,0.06,0.01,0.01,0.0,0.48,0.51,0.03,2.38,2.27,0.11,0.56,0.53,0.03,1.7,1.58,0.12,1.36,1.35,0.01,-0.36,0.0,0.36,-0.15,0.0,0.15,0.0,0.0,0.0,0.0,0.0,0.0,-0.3,0.0,0.3
Tomate. pelée. appertisée. égouttée - OI,OI,,"Tomate, pelée, appertisée, égouttée Origine Inconnue",False,328.53,305.68,22.85,7.0,9.04,8.98,0.06,48.96,48.27,0.69,178.77,171.45,7.32,24.22,21.17,3.05,10.68,1.57,9.11,2.42,0.85,1.57,1.69,1.65,0.04,1.45,1.33,0.12,0.03,0.03,0.0,5.1,4.91,0.19,10.62,9.85,0.77,4.92,4.51,0.41,4.25,4.2,0.05,26.38,26.92,0.54,0.0,0.0,0.0,0.0,0.0,0.0,0.0,0.0,0.0,0.0,0.0,0.0,0.0,0.0,0.0
Banane. pulpe. crue - OI,OI,,"Banane, pulpe, crue Origine Inconnue",False,282.77,264.08,18.69,6.6,6.8,6.46,0.34,10.29,1.51,8.78,242.85,235.09,7.76,1.14,1.35,0.21,1.3,0.76,0.54,0.0,0.04,0.04,1.17,1.12,0.05,0.98,1.01,0.03,0.02,0.02,0.0,0.93,0.75,0.18,6.12,5.76,0.36,5.84,5.13,0.71,5.52,5.25,0.27,-0.18,-0.17,0.01,0.0,0.0,0.0,0.0,0.0,0.0,0.0,0.0,0.0,0.0,0.0,0.0,0.0,0.0,0.0
"Petits pois, écossés, crus - OI",OI,,"Petits pois, écossés, crus Origine Inconnue",False,162.42,151.69,10.73,6.6,1.83,1.65,0.18,18.06,12.93,5.13,100.62,95.98,4.64,2.21,2.52,0.31,4.83,4.5,0.33,0.02,0.05,0.03,13.9,13.88,0.02,1.63,1.68,0.05,0.03,0.03,0.0,0.84,0.76,0.08,1.71,1.51,0.2,14.42,14.01,0.41,1.23,1.08,0.15,1.09,1.1,0.01,0.0,0.0,0.0,0.0,0.0,0.0,0.0,0.0,0.0,0.0,0.0,0.0,0.0,0.0,0.0
"Noix. décortiquée, fraîche ou sèche - FR",FR,,"Noix, décortiquée, fraîche ou sèche FR",False,479.59,449.94,29.65,6.2,35.45,33.92,1.53,85.84,79.11,6.73,103.55,86.4,17.15,31.33,31.02,0.31,2.73,2.46,0.27,0.65,0.63,0.02,48.91,48.87,0.04,34.19,34.11,0.08,0.12,0.12,0.0,11.54,11.12,0.42,30.05,28.57,1.48,17.0,16.57,0.43,27.52,26.25,1.27,51.0,50.78,0.22,0.0,0.0,0.0,-0.06,0.0,0.06,0.0,0.0,0.0,0.0,0.0,0.0,-0.24,0.0,0.24
Haricot blanc. appertisé. égoutté - OI,OI,,"Haricot blanc, appertisé, égoutté Origine Inconnue",False,176.18,165.75,10.43,5.9,10.27,10.47,0.2,45.14,46.51,1.37,47.38,46.91,0.47,22.01,19.86,2.15,10.44,1.75,8.69,2.33,0.82,1.51,5.52,5.53,0.01,1.07,0.95,0.12,0.02,0.02,0.0,4.64,4.67,0.03,11.61,11.2,0.41,4.17,3.98,0.19,5.62,5.66,0.04,5.96,7.42,1.46,0.0,0.0,0.0,0.0,0.0,0.0,0.0,0.0,0.0,0.0,0.0,0.0,0.0,0.0,0.0
"Citron. pulpe, cru - FR",FR,,"Citron, pulpe, cru FR",False,164.27,154.66,9.61,5.9,3.51,2.9,0.61,5.95,3.16,2.79,77.16,69.92,7.24,1.79,1.91,0.12,0.41,0.3,0.11,0.05,0.04,0.01,1.57,1.56,0.01,1.7,1.71,0.01,0.01,0.01,0.0,0.93,0.8,0.13,3.27,2.68,0.59,1.07,0.89,0.18,2.78,2.25,0.53,66.54,66.53,0.01,-0.56,0.0,0.56,-0.52,0.0,0.52,0.0,0.0,0.0,0.0,0.0,0.0,-1.4,0.0,1.4
"Fromage blanc ou frais type petit suisse, nature, 0% MG - OI",OI,,"Fromage blanc ou frais type petit suisse, nature, 0% MG Origine Inconnue",False,271.2,255.43,15.77,5.8,18.04,17.46,0.58,52.22,50.31,1.91,55.02,52.81,2.21,7.24,5.7,1.54,4.08,2.31,1.77,0.47,0.2,0.27,66.36,66.3,0.06,11.53,5.46,6.07,0.01,0.01,0.0,3.89,3.54,0.35,18.43,17.7,0.73,9.96,9.81,0.15,13.59,13.43,0.16,10.36,10.4,0.04,0.0,0.0,0.0,0.0,0.0,0.0,0.0,0.0,0.0,0.0,0.0,0.0,0.0,0.0,0.0
"Haricot vert, découpé, cru - OI",OI,,"Haricot vert, découpé, cru Origine Inconnue",False,77.9,73.49,4.41,5.7,4.17,4.11,0.06,5.27,2.98,2.29,44.66,42.59,2.07,0.56,0.96,0.4,0.88,0.73,0.15,-0.03,0.01,0.04,5.9,5.89,0.01,0.43,0.49,0.06,0.01,0.01,0.0,0.52,0.51,0.01,3.71,3.64,0.07,2.74,2.56,0.18,3.47,3.4,0.07,5.61,5.61,0.0,0.0,0.0,0.0,0.0,0.0,0.0,0.0,0.0,0.0,0.0,0.0,0.0,0.0,0.0,0.0
Pêche. pulpe et peau. crue - FR,FR,,"Pêche, pulpe et peau, crue FR",False,119.23,112.54,6.69,5.6,0.85,0.52,0.33,6.16,4.61,1.55,68.53,64.31,4.22,2.31,2.56,0.25,0.62,0.57,0.05,0.14,0.13,0.01,14.1,14.09,0.01,2.02,2.05,0.03,0.0,0.0,0.0,0.43,0.39,0.04,0.79,0.47,0.32,13.54,13.44,0.1,0.54,0.24,0.3,9.21,9.17,0.04,0.0,0.0,0.0,0.0,0.0,0.0,0.0,0.0,0.0,0.0,0.0,0.0,0.0,0.0,0.0
Maïs doux. surgelé. cru - FR,FR,,"Maïs doux, surgelé, cru FR",False,135.64,143.58,7.94,5.5,7.07,7.83,0.76,12.5,17.15,4.65,83.41,83.25,0.16,6.45,5.38,1.07,1.34,1.28,0.06,1.51,0.19,1.32,3.8,3.83,0.03,1.43,1.4,0.03,0.01,0.01,0.0,1.31,1.75,0.44,6.6,7.41,0.81,4.35,4.29,0.06,5.99,6.28,0.29,3.28,3.53,0.25,0.0,0.0,0.0,-1.43,0.0,1.43,0.0,0.0,0.0,0.0,0.0,0.0,-1.96,0.0,1.96
Faisselle. 6% MG environ - OI,OI,,"Faisselle, 6% MG environ Origine Inconnue",False,303.21,286.55,16.66,5.5,20.25,19.61,0.64,57.96,55.89,2.07,61.92,59.52,2.4,7.55,6.0,1.55,4.37,2.59,1.78,0.48,0.22,0.26,75.2,74.89,0.31,12.25,6.15,6.1,0.01,0.01,0.0,4.28,3.91,0.37,20.66,19.87,0.79,11.24,11.05,0.19,15.33,15.13,0.2,11.71,11.71,0.0,0.0,0.0,0.0,0.0,0.0,0.0,0.0,0.0,0.0,0.0,0.0,0.0,0.0,0.0,0.0
Farine d'orge - FR,FR,,Farine d'orge FR,False,108.12,114.46,6.34,5.5,9.63,9.89,0.26,13.23,15.04,1.81,33.02,33.3,0.28,4.99,4.69,0.3,1.22,1.24,0.02,0.57,0.1,0.47,7.19,7.19,0.0,2.75,2.75,0.0,0.01,0.01,0.0,1.67,1.83,0.16,8.79,9.09,0.3,14.77,14.81,0.04,7.51,7.61,0.1,6.91,6.91,0.0,0.0,0.0,0.0,-1.41,0.0,1.41,0.0,0.0,0.0,0.0,0.0,0.0,-2.74,0.0,2.74
"Farine de blé tendre, froment ou millet - FR",FR,,"Farine de blé tendre, froment ou millet FR",False,97.52,103.04,5.52,5.4,7.55,7.77,0.22,15.35,16.74,1.39,42.52,42.77,0.25,3.42,3.19,0.23,1.47,1.49,0.02,0.42,0.06,0.36,6.11,6.12,0.01,1.84,1.84,0.0,0.01,0.01,0.0,1.69,1.82,0.13,6.47,6.71,0.24,7.15,7.2,0.05,6.19,6.27,0.08,1.03,1.05,0.02,0.0,0.0,0.0,-1.32,0.0,1.32,0.0,0.0,0.0,0.0,0.0,0.0,-2.37,0.0,2.37
"Carotte. découpée, crue - OI",OI,,"Carotte, découpée, crue Origine Inconnue",False,82.52,78.11,4.41,5.3,2.64,2.58,0.06,6.19,3.9,2.29,20.25,18.2,2.05,1.25,1.64,0.39,0.34,0.19,0.15,0.0,0.04,0.04,0.75,0.74,0.01,0.26,0.33,0.07,0.01,0.01,0.0,0.91,0.9,0.01,2.26,2.19,0.07,1.31,1.13,0.18,2.13,2.07,0.06,44.22,44.19,0.03,0.0,0.0,0.0,0.0,0.0,0.0,0.0,0.0,0.0,0.0,0.0,0.0,0.0,0.0,0.0
"Pièce de volaille et lapin, désossée, crue (poulet, dinde, chapon, canard, oie, lapin) - FR BIO",FR,BIO,"Pièce de volaille et lapin, désossée, crue (poulet, dinde, chapon, canard, oie, lapin) FR BIO",False,1180.26,1246.6,66.34,5.3,170.36,172.08,1.72,218.72,233.91,15.19,173.6,169.74,3.86,32.1,61.97,29.87,27.09,26.23,0.86,-9.6,2.46,12.06,77.48,77.18,0.3,22.7,16.96,5.74,0.1,0.09,0.01,21.04,21.84,0.8,184.17,182.95,1.22,80.09,80.41,0.32,156.12,156.67,0.55,45.56,44.11,1.45,-40.18,0.0,40.18,-16.31,0.0,16.31,60.42,0.0,60.42,0.0,0.0,0.0,-23.2,0.0,23.2
"Noisette, décortiquée - OI BIO",OI,BIO,"Noisette, décortiquée Origine Inconnue BIO",False,1230.36,1297.7,67.34,5.2,71.33,70.48,0.85,95.58,75.14,20.44,74.72,56.03,18.69,29.28,29.13,0.15,13.76,12.53,1.23,0.29,0.33,0.04,99.1,98.99,0.11,80.85,80.83,0.02,0.04,0.04,0.0,15.45,14.93,0.52,96.05,95.13,0.92,24.02,22.34,1.68,72.71,72.06,0.65,669.76,669.73,0.03,0.0,0.0,0.0,-22.98,0.0,22.98,0.0,0.0,0.0,0.0,0.0,0.0,-89.6,0.0,89.6
Fromage blanc nature. 3% MG environ - OI,OI,,"Fromage blanc nature, 3% MG environ Origine Inconnue",False,320.99,304.33,16.66,5.2,21.48,20.84,0.64,61.14,59.08,2.06,65.76,63.36,2.4,7.72,6.17,1.55,4.53,2.75,1.78,0.49,0.23,0.26,80.11,79.8,0.31,12.64,6.55,6.09,0.01,0.01,0.0,4.49,4.13,0.36,21.9,21.1,0.8,11.95,11.76,0.19,16.3,16.1,0.2,12.46,12.46,0.0,0.0,0.0,0.0,0.0,0.0,0.0,0.0,0.0,0.0,0.0,0.0,0.0,0.0,0.0,0.0
Pomme. pulpe. crue - FR,FR,,"Pomme, pulpe, crue FR",False,43.96,41.72,2.24,5.1,0.74,0.63,0.11,2.93,2.34,0.59,32.33,30.47,1.86,0.94,1.29,0.35,0.09,0.08,0.01,0.05,0.04,0.01,1.03,1.03,0.0,0.98,1.04,0.06,0.01,0.01,0.0,0.38,0.41,0.03,0.75,0.65,0.1,0.47,0.43,0.04,0.61,0.49,0.12,2.81,2.8,0.01,-0.03,0.0,0.03,-0.03,0.0,0.03,0.0,0.0,0.0,0.0,0.0,0.0,-0.09,0.0,0.09
"Fromage blanc ou frais type petit suisse, nature, 0% MG - FR",FR,,"Fromage blanc ou frais type petit suisse, nature, 0% MG FR",False,175.41,166.82,8.59,4.9,15.03,15.15,0.12,38.11,40.63,2.52,64.1,62.67,1.43,7.69,5.55,2.14,1.54,0.86,0.68,1.47,0.18,1.29,4.97,4.93,0.04,8.02,1.94,6.08,0.01,0.01,0.0,2.3,2.41,0.11,13.85,13.96,0.11,5.37,5.4,0.03,12.02,12.12,0.1,0.93,1.02,0.09,0.0,0.0,0.0,0.0,0.0,0.0,0.0,0.0,0.0,0.0,0.0,0.0,0.0,0.0,0.0
"Pièces de porc, désossée, crue (poitrine, longe, jarret, cote, rouelle, carre, filet, roti, palette, jambonneau, escalope, travers, échine) - FR BIO",FR,BIO,"Pièces de porc, désossée, crue (poitrine, longe, jarret, cote, rouelle, carre, filet, roti, palette, jambonneau, escalope, travers, échine) FR BIO",False,1111.93,1168.1,56.17,4.8,137.84,138.41,0.57,311.72,315.63,3.91,180.34,180.23,0.11,30.71,29.28,1.43,20.5,20.43,0.07,2.41,1.07,1.34,90.84,90.85,0.01,18.8,18.65,0.15,0.05,0.05,0.0,13.23,13.58,0.35,147.49,148.23,0.74,77.12,77.23,0.11,126.36,126.52,0.16,9.96,7.92,2.04,-51.34,0.0,51.34,-22.1,0.0,22.1,55.8,0.0,55.8,0.0,0.0,0.0,-37.8,0.0,37.8
Faisselle. 6% MG environ - FR,FR,,"Faisselle, 6% MG environ FR",False,195.6,186.45,9.15,4.7,16.94,17.0,0.06,42.55,44.94,2.39,72.32,70.67,1.65,7.97,5.83,2.14,1.64,0.96,0.68,1.48,0.19,1.29,5.62,5.56,0.06,8.27,2.18,6.09,0.01,0.01,0.0,2.54,2.64,0.1,15.58,15.64,0.06,6.06,6.07,0.01,13.59,13.65,0.06,1.03,1.12,0.09,0.0,0.0,0.0,0.0,0.0,0.0,0.0,0.0,0.0,0.0,0.0,0.0,0.0,0.0,0.0
Yaourt à la grecque. au lait de brebis - FR,FR,,"Yaourt à la grecque, au lait de brebis FR",False,196.66,187.32,9.34,4.7,31.82,31.81,0.01,46.02,48.36,2.34,18.62,17.13,1.49,8.62,6.47,2.15,1.58,0.9,0.68,1.51,0.22,1.29,13.13,13.04,0.09,7.95,1.86,6.09,0.01,0.01,0.0,2.12,2.22,0.1,29.72,29.71,0.01,8.6,8.6,0.0,26.21,26.21,0.0,0.73,0.8,0.07,0.0,0.0,0.0,0.0,0.0,0.0,0.0,0.0,0.0,0.0,0.0,0.0,0.0,0.0,0.0
Abricot. dénoyauté. cru - FR,FR,,"Abricot, dénoyauté, cru FR",False,144.54,137.96,6.58,4.6,1.14,0.81,0.33,9.54,7.98,1.56,48.16,43.94,4.22,2.55,2.79,0.24,1.33,1.28,0.05,0.14,0.13,0.01,33.53,33.52,0.01,2.56,2.59,0.03,0.01,0.0,0.01,0.53,0.49,0.04,1.54,1.22,0.32,32.89,32.79,0.1,1.08,0.78,0.3,9.66,9.62,0.04,-0.02,0.0,0.02,-0.02,0.0,0.02,0.0,0.0,0.0,0.0,0.0,0.0,-0.06,0.0,0.06
Fromage frais type petit suisse. nature. 4% MG environ - OI,OI,,"Fromage frais type petit suisse, nature, 4% MG environ Origine Inconnue",False,358.33,342.11,16.22,4.5,24.06,23.45,0.61,67.83,65.84,1.99,73.82,71.51,2.31,8.08,6.53,1.55,4.87,3.1,1.77,0.5,0.24,0.26,90.42,90.23,0.19,13.48,7.39,6.09,0.01,0.01,0.0,4.94,4.58,0.36,24.5,23.74,0.76,13.44,13.27,0.17,18.34,18.16,0.18,14.03,14.05,0.02,0.0,0.0,0.0,0.0,0.0,0.0,0.0,0.0,0.0,0.0,0.0,0.0,0.0,0.0,0.0
"Pièce de volaille et lapin, désossée, crue (poulet, dinde, chapon, canard, oie, lapin) - FR",FR,,"Pièce de volaille et lapin, désossée, crue (poulet, dinde, chapon, canard, oie, lapin) FR",False,1337.0,1277.1,59.9,4.5,127.27,129.07,1.8,126.53,141.91,15.38,631.47,626.67,4.8,8.2,38.13,29.93,9.63,8.81,0.82,-10.92,1.15,12.07,25.3,25.1,0.2,17.02,11.3,5.72,0.08,0.07,0.01,16.45,17.25,0.8,123.99,122.89,1.1,38.22,38.62,0.4,105.32,105.97,0.65,11.6,10.22,1.38,0.0,0.0,0.0,-5.38,0.0,5.38,120.84,0.0,120.84,0.0,0.0,0.0,-8.62,0.0,8.62
Fromage blanc nature. 3% MG environ - FR,FR,,"Fromage blanc nature, 3% MG environ FR",False,206.81,197.67,9.14,4.4,17.99,18.06,0.07,45.01,47.41,2.4,76.88,75.23,1.65,8.13,5.99,2.14,1.7,1.01,0.69,1.49,0.2,1.29,5.98,5.92,0.06,8.4,2.32,6.08,0.02,0.01,0.01,2.67,2.77,0.1,16.54,16.6,0.06,6.44,6.46,0.02,14.46,14.52,0.06,1.08,1.17,0.09,0.0,0.0,0.0,0.0,0.0,0.0,0.0,0.0,0.0,0.0,0.0,0.0,0.0,0.0,0.0
"Noix. décortiquée, fraîche ou sèche - FR BIO",FR,BIO,"Noix, décortiquée, fraîche ou sèche FR BIO",False,695.11,665.46,29.65,4.3,66.89,65.37,1.52,106.28,99.55,6.73,53.86,36.72,17.14,44.16,43.85,0.31,3.37,3.1,0.27,0.99,0.97,0.02,88.45,88.41,0.04,68.97,68.88,0.09,0.09,0.09,0.0,12.59,12.17,0.42,75.98,74.49,1.49,23.47,23.03,0.44,64.79,63.52,1.27,85.52,85.3,0.22,0.0,0.0,0.0,-0.06,0.0,0.06,0.0,0.0,0.0,0.0,0.0,0.0,-0.24,0.0,0.24
Jus - Mûre (CMAPS) - OI,OI,,Jus - Mûre (CMAPS) Origine Inconnue,False,596.15,571.42,24.73,4.1,34.59,34.05,0.54,33.93,23.62,10.31,373.49,363.08,10.41,7.66,7.42,0.24,3.43,2.69,0.74,0.12,0.1,0.02,11.03,10.95,0.08,5.53,5.47,0.06,0.02,0.02,0.0,7.48,7.17,0.31,31.45,30.89,0.56,20.03,19.13,0.9,28.59,28.18,0.41,38.8,38.68,0.12,0.0,0.0,0.0,0.0,0.0,0.0,0.0,0.0,0.0,0.0,0.0,0.0,0.0,0.0,0.0
Fromage blanc nature. gourmand. 8% MG environ - OI,OI,,"Fromage blanc nature, gourmand, 8% MG environ Origine Inconnue",False,395.66,379.9,15.76,4.0,26.65,26.07,0.58,74.52,72.61,1.91,81.87,79.67,2.2,8.44,6.89,1.55,5.21,3.44,1.77,0.52,0.26,0.26,100.73,100.66,0.07,14.31,8.24,6.07,0.01,0.01,0.0,5.39,5.04,0.35,27.1,26.37,0.73,14.93,14.78,0.15,20.37,20.22,0.15,15.6,15.64,0.04,0.0,0.0,0.0,0.0,0.0,0.0,0.0,0.0,0.0,0.0,0.0,0.0,0.0,0.0,0.0
Vin blanc (sec) - OI BIO,OI,BIO,Vin blanc (sec) Origine Inconnue BIO,False,280.76,292.2,11.44,3.9,18.4,18.29,0.11,27.88,27.44,0.44,22.72,22.24,0.48,9.92,9.25,0.67,3.36,2.0,1.36,0.46,0.2,0.26,13.66,13.59,0.07,12.36,12.07,0.29,0.01,0.01,0.0,4.48,4.4,0.08,22.34,22.08,0.26,6.42,6.32,0.1,16.6,16.53,0.07,137.69,137.77,0.08,0.0,0.0,0.0,-3.06,0.0,3.06,0.0,0.0,0.0,0.0,0.0,0.0,-12.48,0.0,12.48
Farine de maïs - FR,FR,,Farine de maïs FR,False,151.02,157.19,6.17,3.9,8.31,8.58,0.27,12.06,13.87,1.81,98.01,98.18,0.17,3.65,3.35,0.3,1.39,1.41,0.02,0.61,0.14,0.47,4.53,4.53,0.0,1.59,1.58,0.01,0.01,0.01,0.0,1.34,1.51,0.17,7.67,7.97,0.3,4.85,4.91,0.06,7.08,7.17,0.09,3.96,3.96,0.0,0.0,0.0,0.0,-1.71,0.0,1.71,0.0,0.0,0.0,0.0,0.0,0.0,-2.34,0.0,2.34
Jus - Mûre (CMAPS) - OI BIO,OI,BIO,Jus - Mûre (CMAPS) Origine Inconnue BIO,False,329.32,342.45,13.13,3.8,39.17,38.62,0.55,44.74,34.39,10.35,51.81,42.24,9.57,9.41,9.16,0.25,2.6,1.86,0.74,0.12,0.09,0.03,21.17,21.06,0.11,12.28,12.19,0.09,0.01,0.01,0.0,10.03,9.71,0.32,47.76,47.16,0.6,14.88,13.99,0.89,39.25,38.82,0.43,73.35,73.14,0.21,-5.32,0.0,5.32,-12.14,0.0,12.14,0.0,0.0,0.0,0.0,0.0,0.0,-19.79,0.0,19.79
Fromage frais type petit suisse. nature. 4% MG environ - FR,FR,,"Fromage frais type petit suisse, nature, 4% MG environ FR",False,230.37,221.51,8.86,3.8,20.22,20.31,0.09,50.19,52.65,2.46,86.48,84.94,1.54,8.47,6.33,2.14,1.81,1.13,0.68,1.5,0.21,1.29,6.75,6.69,0.06,8.69,2.61,6.08,0.02,0.01,0.01,2.94,3.05,0.11,18.56,18.65,0.09,7.25,7.27,0.02,16.3,16.38,0.08,1.2,1.29,0.09,0.0,0.0,0.0,0.0,0.0,0.0,0.0,0.0,0.0,0.0,0.0,0.0,0.0,0.0,0.0
Jus - Framboise (CMAPS) - OI,OI,,Jus - Framboise (CMAPS) Origine Inconnue,False,681.47,656.54,24.93,3.7,45.89,45.32,0.57,46.04,35.7,10.34,423.98,413.43,10.55,10.87,10.62,0.25,4.38,3.63,0.75,0.14,0.12,0.02,11.55,11.47,0.08,8.41,8.34,0.07,0.03,0.03,0.0,9.06,8.75,0.31,41.85,41.26,0.59,23.46,22.55,0.91,37.91,37.48,0.43,17.89,17.84,0.05,0.0,0.0,0.0,0.0,0.0,0.0,0.0,0.0,0.0,0.0,0.0,0.0,0.0,0.0,0.0
"Fruits rouges. crus (framboises. fraises. groseilles. cassis), surgelé - FR",FR,,"Fruits rouges, crus (framboises, fraises, groseilles, cassis), surgelé FR",False,441.0,457.87,16.87,3.7,30.57,31.3,0.73,26.25,32.22,5.97,278.79,279.69,0.9,12.78,10.27,2.51,2.59,2.57,0.02,2.48,0.18,2.3,7.67,7.68,0.01,5.7,5.66,0.04,0.02,0.02,0.0,6.02,6.52,0.5,27.97,28.72,0.75,15.19,15.35,0.16,25.23,25.52,0.29,12.28,12.18,0.1,-2.81,0.0,2.81,-2.64,0.0,2.64,0.0,0.0,0.0,0.0,0.0,0.0,-7.08,0.0,7.08
Orange. pulpe. crue - FR,FR,,"Orange, pulpe, crue FR",False,114.67,110.68,3.99,3.5,3.49,3.16,0.33,6.17,4.61,1.56,36.98,32.76,4.22,1.81,2.06,0.25,0.46,0.41,0.05,0.06,0.05,0.01,1.71,1.7,0.01,1.04,1.08,0.04,0.01,0.0,0.01,1.0,0.96,0.04,3.02,2.7,0.32,1.12,1.02,0.1,2.83,2.53,0.3,57.67,57.63,0.04,-0.6,0.0,0.6,-0.57,0.0,0.57,0.0,0.0,0.0,0.0,0.0,0.0,-1.53,0.0,1.53
Pêche. pulpe et peau. crue - OI,OI,,"Pêche, pulpe et peau, crue Origine Inconnue",False,309.78,299.04,10.74,3.5,10.4,10.21,0.19,18.52,13.39,5.13,169.15,164.51,4.64,4.83,5.14,0.31,1.19,0.87,0.32,0.11,0.15,0.04,4.23,4.2,0.03,1.97,2.02,0.05,0.05,0.05,0.0,4.03,3.95,0.08,9.4,9.19,0.21,6.52,6.11,0.41,8.31,8.16,0.15,71.08,71.09,0.01,0.0,0.0,0.0,0.0,0.0,0.0,0.0,0.0,0.0,0.0,0.0,0.0,0.0,0.0,0.0
Fromage blanc nature. gourmand. 8% MG environ - FR,FR,,"Fromage blanc nature, gourmand, 8% MG environ FR",False,253.93,245.34,8.59,3.4,22.44,22.56,0.12,55.38,57.9,2.52,96.07,94.64,1.43,8.81,6.67,2.14,1.92,1.24,0.68,1.52,0.23,1.29,7.51,7.47,0.04,8.98,2.9,6.08,0.02,0.01,0.01,3.22,3.32,0.1,20.58,20.69,0.11,8.06,8.09,0.03,18.13,18.23,0.1,1.31,1.4,0.09,0.0,0.0,0.0,0.0,0.0,0.0,0.0,0.0,0.0,0.0,0.0,0.0,0.0,0.0,0.0
Fromage frais type petit suisse. nature. 10% MG environ - OI,OI,,"Fromage frais type petit suisse, nature, 10% MG environ Origine Inconnue",False,457.9,442.13,15.77,3.4,30.95,30.37,0.58,85.67,83.76,1.91,95.3,93.09,2.21,9.04,7.49,1.55,5.78,4.0,1.78,0.55,0.29,0.26,117.91,117.85,0.06,15.7,9.63,6.07,0.01,0.01,0.0,6.14,5.79,0.35,31.44,30.7,0.74,17.42,17.27,0.15,23.77,23.61,0.16,18.22,18.26,0.04,0.0,0.0,0.0,0.0,0.0,0.0,0.0,0.0,0.0,0.0,0.0,0.0,0.0,0.0,0.0
Persil. séché - OI,OI,,"Persil, séché Origine Inconnue",False,1289.84,1334.9,45.06,3.4,107.12,114.46,7.34,331.07,383.78,52.71,102.16,114.05,11.89,139.89,151.08,11.19,67.39,19.02,48.37,11.46,5.61,5.85,60.04,60.3,0.26,18.38,18.45,0.07,0.09,0.1,0.01,45.48,49.81,4.33,104.25,109.74,5.49,156.92,157.49,0.57,73.07,75.65,2.58,72.51,75.31,2.8,0.0,0.0,0.0,0.0,0.0,0.0,0.0,0.0,0.0,0.0,0.0,0.0,0.0,0.0,0.0
"Noix. décortiquée, fraîche ou sèche - OI",OI,,"Noix, décortiquée, fraîche ou sèche Origine Inconnue",False,1438.84,1393.7,45.14,3.1,28.61,27.75,0.86,84.72,64.28,20.44,637.58,618.9,18.68,27.41,27.26,0.15,5.87,4.64,1.23,0.89,0.93,0.04,13.14,13.04,0.1,7.9,7.88,0.02,0.16,0.16,0.0,10.4,9.89,0.51,25.18,24.27,0.91,96.06,94.38,1.68,21.41,20.76,0.65,479.51,479.51,0.0,0.0,0.0,0.0,0.0,0.0,0.0,0.0,0.0,0.0,0.0,0.0,0.0,0.0,0.0,0.0
"Cacahuète ou Arachide décortiquée (cuites, grillées, salées, bouilles) - OI",OI,,"Cacahuète ou Arachide décortiquée (cuites, grillées, salées, bouilles) Origine Inconnue",False,1514.46,1469.3,45.16,3.0,103.82,102.97,0.85,113.24,92.8,20.44,814.7,796.02,18.68,32.77,32.62,0.15,34.31,33.09,1.22,0.91,0.94,0.03,88.41,88.31,0.1,13.97,13.95,0.02,0.33,0.33,0.0,18.9,18.39,0.51,93.07,92.16,0.91,104.65,102.97,1.68,83.26,82.62,0.64,12.12,12.12,0.0,0.0,0.0,0.0,0.0,0.0,0.0,0.0,0.0,0.0,0.0,0.0,0.0,0.0,0.0,0.0
Abricot. dénoyauté. cru - OI,OI,,"Abricot, dénoyauté, cru Origine Inconnue",False,371.7,360.96,10.74,2.9,3.38,3.19,0.19,14.26,9.14,5.12,61.48,56.84,4.64,4.57,4.88,0.31,1.1,0.77,0.33,0.27,0.3,0.03,2.96,2.94,0.02,1.77,1.82,0.05,0.03,0.03,0.0,2.03,1.95,0.08,3.11,2.91,0.2,1.07,0.66,0.41,1.94,1.79,0.15,273.73,273.74,0.01,0.0,0.0,0.0,0.0,0.0,0.0,0.0,0.0,0.0,0.0,0.0,0.0,0.0,0.0,0.0
Fromage frais type petit suisse. nature. 10% MG environ - FR,FR,,"Fromage frais type petit suisse, nature, 10% MG environ FR",False,293.18,284.6,8.58,2.9,26.15,26.26,0.11,64.01,66.53,2.52,112.05,110.63,1.42,9.37,7.23,2.14,2.11,1.43,0.68,1.54,0.25,1.29,8.78,8.73,0.05,9.46,3.38,6.08,0.02,0.01,0.01,3.68,3.78,0.1,23.94,24.06,0.12,9.4,9.43,0.03,21.18,21.29,0.11,1.5,1.59,0.09,0.0,0.0,0.0,0.0,0.0,0.0,0.0,0.0,0.0,0.0,0.0,0.0,0.0,0.0,0.0
"Carotte. découpée, crue - FR",FR,,"Carotte, découpée, crue FR",False,72.41,70.43,1.98,2.7,1.0,0.89,0.11,2.7,2.11,0.59,61.66,59.78,1.88,0.99,1.34,0.35,0.22,0.21,0.01,0.07,0.06,0.01,0.55,0.55,0.0,0.95,1.01,0.06,0.0,0.0,0.0,0.24,0.27,0.03,0.93,0.83,0.1,1.17,1.13,0.04,0.53,0.41,0.12,1.85,1.84,0.01,0.0,0.0,0.0,-0.1,0.0,0.1,0.0,0.0,0.0,0.0,0.0,0.0,-0.36,0.0,0.36
Mangue. pulpe. crue - OI,OI,,"Mangue, pulpe, crue Origine Inconnue",False,407.43,396.69,10.74,2.6,20.75,20.57,0.18,39.66,34.54,5.12,82.34,77.7,4.64,13.65,13.97,0.32,3.53,3.21,0.32,0.26,0.3,0.04,7.41,7.38,0.03,3.19,3.24,0.05,0.09,0.09,0.0,8.1,8.02,0.08,17.05,16.84,0.21,15.26,14.84,0.42,16.1,15.95,0.15,180.04,180.05,0.01,0.0,0.0,0.0,0.0,0.0,0.0,0.0,0.0,0.0,0.0,0.0,0.0,0.0,0.0,0.0
"Matière grasse laitière à 20% MG. légère. ""à tartiner"". doux - FR",FR,,"Matière grasse laitière à 20% MG, légère, ""à tartiner"", doux FR",False,309.13,317.03,7.9,2.5,28.22,29.36,1.14,66.47,74.48,8.01,121.27,122.11,0.84,9.96,8.35,1.61,1.67,1.66,0.01,2.54,0.34,2.2,9.6,9.62,0.02,5.16,3.72,1.44,0.01,0.01,0.0,3.62,4.36,0.74,25.76,27.05,1.29,10.2,10.47,0.27,23.13,23.56,0.43,1.52,1.94,0.42,0.0,0.0,0.0,0.0,0.0,0.0,0.0,0.0,0.0,0.0,0.0,0.0,0.0,0.0,0.0
"Noisette, décortiquée - FR",FR,,"Noisette, décortiquée FR",False,1303.43,1335.5,32.07,2.4,43.38,41.86,1.52,62.43,55.7,6.73,625.22,608.06,17.16,20.55,20.24,0.31,12.92,12.64,0.28,0.3,0.28,0.02,54.71,54.67,0.04,15.86,15.78,0.08,0.05,0.04,0.01,14.0,13.59,0.41,47.1,45.62,1.48,56.66,56.23,0.43,39.99,38.72,1.27,372.27,372.06,0.21,0.0,0.0,0.0,-12.66,0.0,12.66,0.0,0.0,0.0,0.0,0.0,0.0,-49.36,0.0,49.36
"Matière grasse laitière à 25% MG. légère. ""à tartiner"". doux - FR",FR,,"Matière grasse laitière à 25% MG, légère, ""à tartiner"", doux FR",False,362.97,371.71,8.74,2.4,33.3,34.52,1.22,78.31,86.51,8.2,143.19,144.37,1.18,10.73,9.13,1.6,1.93,1.93,0.0,2.57,0.37,2.2,11.34,11.38,0.04,5.81,4.39,1.42,0.02,0.02,0.0,4.25,5.0,0.75,30.38,31.73,1.35,12.04,12.34,0.3,27.32,27.82,0.5,1.78,2.2,0.42,0.0,0.0,0.0,0.0,0.0,0.0,0.0,0.0,0.0,0.0,0.0,0.0,0.0,0.0,0.0
"Citron. pulpe, cru - OI",OI,,"Citron, pulpe, cru Origine Inconnue",False,797.71,779.52,18.19,2.3,4.92,4.58,0.34,16.41,7.63,8.78,687.72,680.41,7.31,3.85,4.06,0.21,1.83,1.29,0.54,0.09,0.13,0.04,4.29,4.25,0.04,1.38,1.42,0.04,0.03,0.03,0.0,1.75,1.57,0.18,4.57,4.21,0.36,5.79,5.08,0.71,3.43,3.17,0.26,61.64,61.71,0.07,0.0,0.0,0.0,0.0,0.0,0.0,0.0,0.0,0.0,0.0,0.0,0.0,0.0,0.0,0.0
Avocat. pulpe. cru - OI,OI,,"Avocat, pulpe, cru Origine Inconnue",False,207.65,212.54,4.89,2.3,4.29,4.17,0.12,28.5,20.4,8.1,16.11,26.29,10.18,1.67,5.59,3.92,1.47,0.94,0.53,0.05,0.09,0.04,5.67,5.65,0.02,6.34,6.51,0.17,0.01,0.01,0.0,2.15,2.21,0.06,4.39,4.21,0.18,9.17,8.57,0.6,2.65,2.53,0.12,125.18,125.35,0.17,0.0,0.0,0.0,0.0,0.0,0.0,0.0,0.0,0.0,0.0,0.0,0.0,0.0,0.0,0.0
Pomme. pulpe. crue - OI,OI,,"Pomme, pulpe, crue Origine Inconnue",False,196.92,192.4,4.52,2.3,3.38,3.32,0.06,10.27,7.97,2.3,114.0,111.86,2.14,3.27,3.66,0.39,0.83,0.67,0.16,0.08,0.12,0.04,3.35,3.33,0.02,1.44,1.51,0.07,0.04,0.04,0.0,2.64,2.64,0.0,2.76,2.69,0.07,3.68,3.5,0.18,2.58,2.52,0.06,48.61,48.57,0.04,0.0,0.0,0.0,0.0,0.0,0.0,0.0,0.0,0.0,0.0,0.0,0.0,0.0,0.0,0.0
Vin blanc (sec) - FR,FR,,Vin blanc (sec) FR,False,210.43,215.33,4.9,2.3,8.62,9.37,0.75,21.51,26.44,4.93,103.24,103.58,0.34,11.75,10.38,1.37,1.82,1.8,0.02,1.8,0.28,1.52,9.11,9.07,0.04,21.64,21.35,0.29,0.02,0.02,0.0,3.4,3.85,0.45,11.39,12.16,0.77,9.03,9.16,0.13,6.49,6.75,0.26,0.85,1.13,0.28,0.0,0.0,0.0,-0.04,0.0,0.04,0.0,0.0,0.0,0.0,0.0,0.0,-0.2,0.0,0.2
"Haricot vert, découpé, cru - FR",FR,,"Haricot vert, découpé, cru FR",False,71.89,73.49,1.6,2.2,4.22,4.11,0.11,3.58,2.98,0.6,44.45,42.59,1.86,0.61,0.96,0.35,0.74,0.73,0.01,0.02,0.01,0.01,5.89,5.89,0.0,0.43,0.49,0.06,0.01,0.01,0.0,0.48,0.51,0.03,3.74,3.64,0.1,2.59,2.56,0.03,3.53,3.4,0.13,5.63,5.61,0.02,0.0,0.0,0.0,-0.97,0.0,0.97,0.0,0.0,0.0,0.0,0.0,0.0,-3.07,0.0,3.07
Farine de riz - FR,FR,,Farine de riz FR,False,205.66,210.05,4.39,2.1,10.09,10.36,0.27,19.51,21.3,1.79,48.51,48.76,0.25,3.68,3.38,0.3,0.41,0.43,0.02,0.52,0.06,0.46,5.28,5.28,0.0,1.71,1.71,0.0,0.03,0.03,0.0,1.85,2.01,0.16,9.86,10.15,0.29,8.07,8.12,0.05,8.11,8.2,0.09,90.4,90.26,0.14,-1.9,0.0,1.9,-0.46,0.0,0.46,0.0,0.0,0.0,0.0,0.0,0.0,0.0,0.0,0.0
Concombre. pulpe. cru - OI,OI,,"Concombre, pulpe, cru Origine Inconnue",False,233.38,228.81,4.57,2.0,2.51,2.45,0.06,7.22,4.93,2.29,183.04,180.83,2.21,2.01,2.4,0.39,0.68,0.52,0.16,0.01,0.05,0.04,1.59,1.58,0.01,0.84,0.91,0.07,0.02,0.02,0.0,0.79,0.79,0.0,2.22,2.14,0.08,3.32,3.14,0.18,1.84,1.78,0.06,27.28,27.26,0.02,0.0,0.0,0.0,0.0,0.0,0.0,0.0,0.0,0.0,0.0,0.0,0.0,0.0,0.0,0.0
"Fruits rouges. crus (framboises. fraises. groseilles. cassis), surgelé - OI",OI,,"Fruits rouges, crus (framboises, fraises, groseilles, cassis), surgelé Origine Inconnue",False,467.11,457.87,9.24,2.0,31.9,31.3,0.6,34.63,32.22,2.41,280.21,279.69,0.52,11.68,10.27,1.41,4.68,2.57,2.11,0.52,0.18,0.34,7.7,7.68,0.02,5.71,5.66,0.05,0.02,0.02,0.0,6.84,6.52,0.32,29.56,28.72,0.84,15.54,15.35,0.19,25.74,25.52,0.22,12.39,12.18,0.21,0.0,0.0,0.0,0.0,0.0,0.0,0.0,0.0,0.0,0.0,0.0,0.0,0.0,0.0,0.0
"Petits pois, écossés, crus - FR",FR,,"Petits pois, écossés, crus FR",False,148.92,151.69,2.77,1.8,1.98,1.65,0.33,14.49,12.93,1.56,100.21,95.98,4.23,2.27,2.52,0.25,4.56,4.5,0.06,0.06,0.05,0.01,13.88,13.88,0.0,1.65,1.68,0.03,0.03,0.03,0.0,0.8,0.76,0.04,1.83,1.51,0.32,14.1,14.01,0.09,1.38,1.08,0.3,1.14,1.1,0.04,0.0,0.0,0.0,-2.25,0.0,2.25,0.0,0.0,0.0,0.0,0.0,0.0,-7.2,0.0,7.2
Cerise. dénoyautée. crue - FR BIO,FR,BIO,"Cerise, dénoyautée, crue FR BIO",False,366.71,360.29,6.42,1.8,12.84,12.51,0.33,32.19,30.63,1.56,27.61,23.38,4.23,19.28,19.53,0.25,5.59,5.54,0.05,0.19,0.18,0.01,126.91,126.9,0.01,55.51,55.54,0.03,0.02,0.02,0.0,4.53,4.49,0.04,11.2,10.89,0.31,2.65,2.55,0.1,6.25,5.95,0.3,62.2,62.16,0.04,-0.04,0.0,0.04,-0.07,0.0,0.07,0.0,0.0,0.0,0.0,0.0,0.0,-0.15,0.0,0.15
Poire. pulpe. crue - OI,OI,,"Poire, pulpe, crue Origine Inconnue",False,250.12,245.55,4.57,1.8,9.77,9.7,0.07,14.44,12.14,2.3,136.18,134.02,2.16,4.1,4.49,0.39,0.95,0.79,0.16,0.09,0.13,0.04,3.77,3.75,0.02,1.7,1.76,0.06,0.04,0.04,0.0,3.35,3.34,0.01,8.9,8.82,0.08,5.62,5.44,0.18,7.85,7.78,0.07,53.39,53.35,0.04,0.0,0.0,0.0,0.0,0.0,0.0,0.0,0.0,0.0,0.0,0.0,0.0,0.0,0.0,0.0
Reblochon - OI,OI,,Reblochon Origine Inconnue,True,958.72,941.42,17.3,1.8,65.21,64.32,0.89,182.04,180.3,1.74,199.36,197.33,2.03,17.9,17.42,0.48,12.98,8.47,4.51,0.98,0.59,0.39,250.17,249.81,0.36,20.76,20.45,0.31,0.03,0.02,0.01,13.05,12.42,0.63,69.17,64.97,4.2,38.04,36.61,1.43,50.39,50.05,0.34,38.62,38.66,0.04,0.0,0.0,0.0,0.0,0.0,0.0,0.0,0.0,0.0,0.0,0.0,0.0,0.0,0.0,0.0
Fromage 100% brebis type Feta - OI,OI,,Fromage 100% brebis type Feta Origine Inconnue,False,580.03,570.1,9.93,1.7,100.01,100.11,0.1,142.37,140.93,1.44,55.13,52.82,2.31,15.43,14.32,1.11,6.1,2.62,3.48,0.79,0.51,0.28,41.7,41.66,0.04,6.07,5.78,0.29,0.03,0.02,0.01,5.95,5.88,0.07,93.11,93.17,0.06,28.33,27.09,1.24,83.31,83.2,0.11,1.68,1.99,0.31,0.0,0.0,0.0,0.0,0.0,0.0,0.0,0.0,0.0,0.0,0.0,0.0,0.0,0.0,0.0
Fromage bleu d'Auvergne - OI,OI,,Fromage bleu d'Auvergne Origine Inconnue,True,1047.62,1030.3,17.32,1.7,71.36,70.47,0.89,197.97,196.23,1.74,218.54,216.5,2.04,18.76,18.28,0.48,13.79,9.27,4.52,1.02,0.63,0.39,274.72,274.36,0.36,22.75,22.44,0.31,0.03,0.02,0.01,14.13,13.49,0.64,75.37,71.16,4.21,41.59,40.16,1.43,55.24,54.9,0.34,42.37,42.4,0.03,0.0,0.0,0.0,0.0,0.0,0.0,0.0,0.0,0.0,0.0,0.0,0.0,0.0,0.0,0.0
Pont l'Évêque - OI,OI,,Pont l'Évêque Origine Inconnue,True,980.06,963.65,16.41,1.7,66.69,65.86,0.83,185.87,184.28,1.59,203.96,202.13,1.83,18.11,17.64,0.47,13.18,8.67,4.51,0.99,0.6,0.39,256.06,255.94,0.12,21.24,20.95,0.29,0.03,0.02,0.01,13.31,12.69,0.62,70.66,66.52,4.14,38.89,37.5,1.39,51.56,51.26,0.3,39.52,39.6,0.08,0.0,0.0,0.0,0.0,0.0,0.0,0.0,0.0,0.0,0.0,0.0,0.0,0.0,0.0,0.0
Cheddar - OI,OI,,Cheddar Origine Inconnue,False,1172.09,1154.8,17.29,1.5,79.97,79.08,0.89,220.27,218.52,1.75,245.39,243.37,2.02,19.95,19.47,0.48,14.92,10.4,4.52,1.08,0.69,0.39,309.08,308.72,0.36,25.53,25.22,0.31,0.03,0.03,0.0,15.63,14.99,0.64,84.04,79.83,4.21,46.56,45.14,1.42,62.03,61.69,0.34,47.61,47.65,0.04,0.0,0.0,0.0,0.0,0.0,0.0,0.0,0.0,0.0,0.0,0.0,0.0,0.0,0.0,0.0
Cantal. Salers ou Laguiole - OI,OI,,"Cantal, Salers ou Laguiole Origine Inconnue",True,1127.64,1110.3,17.34,1.5,76.89,76.0,0.89,212.3,210.56,1.74,235.8,233.78,2.02,19.53,19.05,0.48,14.51,10.0,4.51,1.06,0.67,0.39,296.81,296.45,0.36,24.54,24.23,0.31,0.03,0.03,0.0,15.09,14.46,0.63,80.94,76.74,4.2,44.78,43.36,1.42,59.6,59.26,0.34,45.73,45.77,0.04,0.0,0.0,0.0,0.0,0.0,0.0,0.0,0.0,0.0,0.0,0.0,0.0,0.0,0.0,0.0
Emmental ou emmenthal - OI,OI,,Emmental ou emmenthal Origine Inconnue,False,1136.53,1119.2,17.33,1.5,77.51,76.62,0.89,213.9,212.15,1.75,237.72,235.69,2.03,19.61,19.13,0.48,14.6,10.08,4.52,1.06,0.67,0.39,299.26,298.9,0.36,24.74,24.43,0.31,0.03,0.03,0.0,15.2,14.56,0.64,81.56,77.35,4.21,45.14,43.71,1.43,60.09,59.75,0.34,46.11,46.15,0.04,0.0,0.0,0.0,0.0,0.0,0.0,0.0,0.0,0.0,0.0,0.0,0.0,0.0,0.0,0.0
Mozzarella au lait de vache - OI,OI,,Mozzarella au lait de vache Origine Inconnue,False,692.69,682.25,10.44,1.5,46.77,46.88,0.11,129.74,128.22,1.52,146.65,144.18,2.47,11.95,10.84,1.11,9.66,6.17,3.49,0.7,0.41,0.29,183.16,182.9,0.26,15.23,14.92,0.31,0.02,0.01,0.01,8.89,8.82,0.07,47.28,47.35,0.07,28.0,26.74,1.26,36.65,36.54,0.11,27.98,28.25,0.27,0.0,0.0,0.0,0.0,0.0,0.0,0.0,0.0,0.0,0.0,0.0,0.0,0.0,0.0,0.0
Roquefort - OI,OI,,Roquefort Origine Inconnue,True,1086.74,1070.3,16.44,1.5,74.07,73.24,0.83,204.98,203.39,1.59,226.98,225.15,1.83,19.13,18.66,0.47,14.14,9.64,4.5,1.04,0.65,0.39,285.52,285.4,0.12,23.62,23.34,0.28,0.03,0.02,0.01,14.6,13.97,0.63,78.09,73.95,4.14,43.15,41.76,1.39,57.37,57.08,0.29,44.01,44.09,0.08,0.0,0.0,0.0,0.0,0.0,0.0,0.0,0.0,0.0,0.0,0.0,0.0,0.0,0.0,0.0
Tomme ou tome de vache - OI,OI,,Tomme ou tome de vache Origine Inconnue,False,1079.63,1063.7,15.93,1.5,73.57,72.77,0.8,203.7,202.2,1.5,225.45,223.71,1.74,19.07,18.6,0.47,14.08,9.58,4.5,1.04,0.64,0.4,283.55,283.56,0.01,23.47,23.19,0.28,0.03,0.02,0.01,14.51,13.89,0.62,77.6,73.48,4.12,42.87,41.5,1.37,56.98,56.72,0.26,43.71,43.81,0.1,0.0,0.0,0.0,0.0,0.0,0.0,0.0,0.0,0.0,0.0,0.0,0.0,0.0,0.0,0.0
Comté - OI,OI,,Comté Origine Inconnue,True,1241.43,1223.7,17.73,1.4,84.77,83.84,0.93,232.69,230.87,1.82,260.36,258.23,2.13,20.62,20.14,0.48,15.55,11.03,4.52,1.11,0.72,0.39,328.23,327.74,0.49,27.08,26.76,0.32,0.03,0.03,0.0,16.47,15.83,0.64,88.87,84.63,4.24,49.33,47.89,1.44,65.81,65.44,0.37,50.53,50.55,0.02,0.0,0.0,0.0,0.0,0.0,0.0,0.0,0.0,0.0,0.0,0.0,0.0,0.0,0.0,0.0
Gouda - OI,OI,,Gouda Origine Inconnue,False,1148.97,1132.6,16.37,1.4,78.37,77.54,0.83,216.13,214.54,1.59,240.41,238.57,1.84,19.73,19.26,0.47,14.71,10.2,4.51,1.07,0.68,0.39,302.7,302.58,0.12,25.02,24.73,0.29,0.03,0.03,0.0,15.35,14.73,0.62,82.43,78.28,4.15,45.64,44.25,1.39,60.77,60.47,0.3,46.63,46.71,0.08,0.0,0.0,0.0,0.0,0.0,0.0,0.0,0.0,0.0,0.0,0.0,0.0,0.0,0.0,0.0
Farine d'orge - OI,OI,,Farine d'orge Origine Inconnue,False,300.79,296.51,4.28,1.4,6.47,6.18,0.29,15.5,13.7,1.8,208.31,207.7,0.61,5.32,5.11,0.21,3.62,3.15,0.47,0.23,0.25,0.02,16.29,16.26,0.03,1.91,1.9,0.01,0.08,0.08,0.0,3.25,3.07,0.18,5.07,4.7,0.37,27.25,27.13,0.12,5.0,4.89,0.11,2.49,2.4,0.09,0.0,0.0,0.0,0.0,0.0,0.0,0.0,0.0,0.0,0.0,0.0,0.0,0.0,0.0,0.0
Cerise. dénoyautée. crue - FR,FR,,"Cerise, dénoyautée, crue FR",False,503.23,496.64,6.59,1.3,3.46,3.13,0.33,16.87,15.31,1.56,353.9,349.66,4.24,6.85,7.1,0.25,3.75,3.7,0.05,0.1,0.09,0.01,69.86,69.86,0.0,5.08,5.12,0.04,0.01,0.01,0.0,2.11,2.07,0.04,3.21,2.89,0.32,1.46,1.36,0.1,2.31,2.01,0.3,34.36,34.32,0.04,-0.02,0.0,0.02,-0.04,0.0,0.04,0.0,0.0,0.0,0.0,0.0,0.0,-0.05,0.0,0.05
"Noisette, décortiquée - OI",OI,,"Noisette, décortiquée Origine Inconnue",False,3424.78,3379.6,45.18,1.3,94.05,93.2,0.85,106.02,85.59,20.43,2482.28,2463.58,18.7,33.47,33.32,0.15,8.19,6.97,1.22,0.99,1.02,0.03,26.56,26.46,0.1,7.72,7.69,0.03,0.19,0.19,0.0,17.08,16.57,0.51,84.16,83.25,0.91,42.08,40.4,1.68,76.97,76.32,0.65,445.03,445.03,0.0,0.0,0.0,0.0,0.0,0.0,0.0,0.0,0.0,0.0,0.0,0.0,0.0,0.0,0.0,0.0
Fromage de chèvre sec - OI,OI,,Fromage de chèvre sec Origine Inconnue,False,1404.22,1386.5,17.72,1.3,245.7,244.72,0.98,342.32,340.48,1.84,130.61,128.6,2.01,33.4,32.88,0.52,10.8,6.29,4.51,1.55,1.15,0.4,102.46,102.18,0.28,14.43,14.12,0.31,0.05,0.05,0.0,14.55,13.91,0.64,231.84,227.55,4.29,67.68,66.24,1.44,204.19,203.77,0.42,4.62,4.57,0.05,0.0,0.0,0.0,0.0,0.0,0.0,0.0,0.0,0.0,0.0,0.0,0.0,0.0,0.0,0.0
Gruyère - OI,OI,,Gruyère Origine Inconnue,True,1253.88,1237.0,16.88,1.3,85.63,84.77,0.86,234.92,233.26,1.66,263.04,261.1,1.94,20.74,20.26,0.48,15.66,11.15,4.51,1.12,0.72,0.4,331.66,331.43,0.23,27.36,27.06,0.3,0.03,0.03,0.0,16.62,15.99,0.63,89.73,85.56,4.17,49.83,48.42,1.41,66.49,66.17,0.32,51.05,51.11,0.06,0.0,0.0,0.0,0.0,0.0,0.0,0.0,0.0,0.0,0.0,0.0,0.0,0.0,0.0,0.0
Beaufort - OI,OI,,Beaufort Origine Inconnue,True,1221.87,1205.9,15.97,1.3,83.41,82.61,0.8,229.19,227.68,1.51,256.14,254.39,1.75,20.43,19.97,0.46,15.37,10.87,4.5,1.1,0.71,0.39,322.83,322.84,0.01,26.65,26.36,0.29,0.03,0.03,0.0,16.23,15.61,0.62,87.51,83.39,4.12,48.55,47.18,1.37,64.74,64.47,0.27,49.7,49.8,0.1,0.0,0.0,0.0,0.0,0.0,0.0,0.0,0.0,0.0,0.0,0.0,0.0,0.0,0.0,0.0
Mimolette - OI,OI,,Mimolette Origine Inconnue,False,1221.87,1205.9,15.97,1.3,83.41,82.61,0.8,229.19,227.68,1.51,256.14,254.39,1.75,20.43,19.97,0.46,15.37,10.87,4.5,1.1,0.71,0.39,322.83,322.84,0.01,26.65,26.36,0.29,0.03,0.03,0.0,16.23,15.61,0.62,87.51,83.39,4.12,48.55,47.18,1.37,64.74,64.47,0.27,49.7,49.8,0.1,0.0,0.0,0.0,0.0,0.0,0.0,0.0,0.0,0.0,0.0,0.0,0.0,0.0,0.0,0.0
Parmesan - OI,OI,,Parmesan Origine Inconnue,True,1291.22,1274.8,16.42,1.3,88.21,87.38,0.83,241.61,240.02,1.59,271.1,269.26,1.84,21.1,20.63,0.47,16.0,11.49,4.51,1.13,0.74,0.39,341.97,341.86,0.11,28.19,27.91,0.28,0.03,0.03,0.0,17.07,16.44,0.63,92.34,88.19,4.15,51.32,49.93,1.39,68.52,68.23,0.29,52.62,52.7,0.08,0.0,0.0,0.0,0.0,0.0,0.0,0.0,0.0,0.0,0.0,0.0,0.0,0.0,0.0,0.0
Chaource - OI,OI,,Chaource Origine Inconnue,True,811.82,802.27,9.55,1.2,55.01,55.18,0.17,151.08,149.72,1.36,172.35,170.08,2.27,13.1,12.0,1.1,10.74,7.26,3.48,0.75,0.47,0.28,216.05,216.04,0.01,17.89,17.61,0.28,0.03,0.02,0.01,10.33,10.27,0.06,55.58,55.71,0.13,32.76,31.53,1.23,43.15,43.09,0.06,32.99,33.3,0.31,0.0,0.0,0.0,0.0,0.0,0.0,0.0,0.0,0.0,0.0,0.0,0.0,0.0,0.0,0.0
Coulommiers - OI,OI,,Coulommiers Origine Inconnue,False,811.82,802.27,9.55,1.2,55.01,55.18,0.17,151.08,149.72,1.36,172.35,170.08,2.27,13.1,12.0,1.1,10.74,7.26,3.48,0.75,0.47,0.28,216.05,216.04,0.01,17.89,17.61,0.28,0.03,0.02,0.01,10.33,10.27,0.06,55.58,55.71,0.13,32.76,31.53,1.23,43.15,43.09,0.06,32.99,33.3,0.31,0.0,0.0,0.0,0.0,0.0,0.0,0.0,0.0,0.0,0.0,0.0,0.0,0.0,0.0,0.0
Fromage à pâte ferme environ 14% MG type Masdaam à teneur réduite en MG - OI,OI,,Fromage à pâte ferme environ 14% MG type Masdaam à teneur réduite en MG Origine Inconnue,False,879.39,868.95,10.44,1.2,59.69,59.79,0.1,163.19,161.67,1.52,186.93,184.47,2.46,13.75,12.64,1.11,11.36,7.87,3.49,0.78,0.5,0.28,234.7,234.45,0.25,19.4,19.1,0.3,0.03,0.02,0.01,11.15,11.07,0.08,60.29,60.35,0.06,35.46,34.2,1.26,46.83,46.72,0.11,35.84,36.11,0.27,0.0,0.0,0.0,0.0,0.0,0.0,0.0,0.0,0.0,0.0,0.0,0.0,0.0,0.0,0.0
Fromage type feta. au lait de vache - OI,OI,,"Fromage type feta, au lait de vache Origine Inconnue",False,847.38,837.83,9.55,1.1,57.47,57.64,0.17,157.45,156.1,1.35,180.03,177.75,2.28,13.44,12.34,1.1,11.07,7.59,3.48,0.76,0.48,0.28,225.87,225.86,0.01,18.68,18.4,0.28,0.03,0.02,0.01,10.76,10.7,0.06,58.06,58.19,0.13,34.18,32.95,1.23,45.09,45.03,0.06,34.49,34.8,0.31,0.0,0.0,0.0,0.0,0.0,0.0,0.0,0.0,0.0,0.0,0.0,0.0,0.0,0.0,0.0
Gorgonzola - OI,OI,,Gorgonzola Origine Inconnue,True,898.95,888.95,10.0,1.1,61.04,61.17,0.13,166.69,165.25,1.44,191.15,188.78,2.37,13.93,12.83,1.1,11.54,8.05,3.49,0.79,0.51,0.28,240.1,239.97,0.13,19.84,19.54,0.3,0.03,0.02,0.01,11.38,11.32,0.06,61.65,61.75,0.1,36.24,35.0,1.24,47.9,47.81,0.09,36.66,36.95,0.29,0.0,0.0,0.0,0.0,0.0,0.0,0.0,0.0,0.0,0.0,0.0,0.0,0.0,0.0,0.0
"Fromage de chèvre (frais, bûche, affiné, pasteurisé, crottin) - OI",OI,,"Fromage de chèvre (frais, bûche, affiné, pasteurisé, crottin) Origine Inconnue",False,780.83,772.12,8.71,1.1,136.14,136.48,0.34,190.3,189.16,1.14,73.94,71.75,2.19,19.04,17.94,1.1,7.0,3.52,3.48,0.94,0.66,0.28,56.89,56.95,0.06,8.13,7.86,0.27,0.04,0.03,0.01,7.8,7.74,0.06,126.66,126.95,0.29,38.11,36.93,1.18,113.51,113.59,0.08,2.34,2.59,0.25,0.0,0.0,0.0,0.0,0.0,0.0,0.0,0.0,0.0,0.0,0.0,0.0,0.0,0.0,0.0
"Matière grasse laitière à 20% MG. légère. ""à tartiner"". doux - OI",OI,,"Matière grasse laitière à 20% MG, légère, ""à tartiner"", doux Origine Inconnue",False,495.35,490.14,5.21,1.1,34.0,33.87,0.13,93.41,93.42,0.01,103.33,102.84,0.49,9.21,8.64,0.57,6.49,4.49,2.0,0.72,0.38,0.34,129.66,129.53,0.13,12.04,10.59,1.45,0.01,0.01,0.0,6.61,6.57,0.04,34.59,34.35,0.24,19.16,19.09,0.07,26.16,26.12,0.04,19.97,20.25,0.28,0.0,0.0,0.0,0.0,0.0,0.0,0.0,0.0,0.0,0.0,0.0,0.0,0.0,0.0,0.0
Saint-Marcellin - OI,OI,,Saint-Marcellin Origine Inconnue,True,770.93,762.27,8.66,1.1,52.19,52.41,0.22,143.76,142.56,1.2,163.53,161.45,2.08,12.7,11.61,1.09,10.37,6.9,3.47,0.73,0.45,0.28,204.76,205.0,0.24,16.98,16.71,0.27,0.03,0.02,0.01,9.84,9.78,0.06,52.73,52.92,0.19,31.13,29.93,1.2,40.92,40.91,0.01,31.27,31.62,0.35,0.0,0.0,0.0,0.0,0.0,0.0,0.0,0.0,0.0,0.0,0.0,0.0,0.0,0.0,0.0
Brie. sans précision - OI,OI,,"Brie, sans précision Origine Inconnue",False,874.05,864.5,9.55,1.1,59.32,59.48,0.16,162.23,160.87,1.36,185.78,183.51,2.27,13.69,12.6,1.09,11.31,7.83,3.48,0.78,0.5,0.28,233.23,233.22,0.01,19.28,19.0,0.28,0.03,0.02,0.01,11.08,11.02,0.06,59.92,60.05,0.13,35.25,34.02,1.23,46.54,46.48,0.06,35.61,35.92,0.31,0.0,0.0,0.0,0.0,0.0,0.0,0.0,0.0,0.0,0.0,0.0,0.0,0.0,0.0,0.0
"Farine de blé tendre, froment ou millet - OI",OI,,"Farine de blé tendre, froment ou millet Origine Inconnue",False,260.76,257.83,2.93,1.1,10.05,9.84,0.21,24.7,23.34,1.36,45.45,45.23,0.22,7.89,7.73,0.16,15.77,15.42,0.35,0.2,0.21,0.01,20.42,20.41,0.01,6.14,6.13,0.01,0.01,0.01,0.0,3.55,3.42,0.13,9.37,9.09,0.28,19.38,19.32,0.06,7.87,7.79,0.08,89.97,89.89,0.08,0.0,0.0,0.0,0.0,0.0,0.0,0.0,0.0,0.0,0.0,0.0,0.0,0.0,0.0,0.0
Fourme d'Ambert - OI,OI,,Fourme d'Ambert Origine Inconnue,True,918.51,908.96,9.55,1.0,62.39,62.56,0.17,170.2,168.84,1.36,195.37,193.1,2.27,14.12,13.03,1.09,11.71,8.23,3.48,0.8,0.52,0.28,245.5,245.49,0.01,20.27,19.99,0.28,0.03,0.02,0.01,11.62,11.56,0.06,63.02,63.14,0.12,37.02,35.79,1.23,48.96,48.9,0.06,37.49,37.79,0.3,0.0,0.0,0.0,0.0,0.0,0.0,0.0,0.0,0.0,0.0,0.0,0.0,0.0,0.0,0.0
Spécialité fromagère non affinée à tartiner 20 à 40 % MG nature ou aromatisée (ex: ail et fines herbes) - OI,OI,,Spécialité fromagère non affinée à tartiner 20 à 40 % MG nature ou aromatisée (ex: ail et fines herbes) Origine Inconnue,False,904.28,895.62,8.66,1.0,61.41,61.64,0.23,167.65,166.45,1.2,192.3,190.22,2.08,13.98,12.9,1.08,11.58,8.11,3.47,0.79,0.51,0.28,241.58,241.81,0.23,19.96,19.69,0.27,0.03,0.02,0.01,11.45,11.4,0.05,62.02,62.21,0.19,36.45,35.26,1.19,48.19,48.18,0.01,36.89,37.23,0.34,0.0,0.0,0.0,0.0,0.0,0.0,0.0,0.0,0.0,0.0,0.0,0.0,0.0,0.0,0.0
"Fromage de chèvre sec (chabichou, picodon, crottin de Chavignol) - OI",OI,,"Fromage de chèvre sec (chabichou, picodon, crottin de Chavignol) Origine Inconnue",False,972.94,963.39,9.55,1.0,170.72,170.91,0.19,236.16,234.83,1.33,91.94,89.67,2.27,22.48,21.37,1.11,7.86,4.38,3.48,1.08,0.79,0.29,71.42,71.42,0.0,10.11,9.82,0.29,0.04,0.03,0.01,9.56,9.5,0.06,158.76,158.92,0.16,47.47,46.25,1.22,142.4,142.36,0.04,2.92,3.15,0.23,0.0,0.0,0.0,0.0,0.0,0.0,0.0,0.0,0.0,0.0,0.0,0.0,0.0,0.0,0.0
Mont d'or ou Vacherin du Haut-Doubs (produit en France) ou Vacherin-Mont d'Or (produit en Suisse) - OI,OI,,Mont d'or ou Vacherin du Haut-Doubs (produit en France) ou Vacherin-Mont d'Or (produit en Suisse) Origine Inconnue,True,866.94,857.84,9.1,1.0,58.83,59.02,0.19,160.96,159.68,1.28,184.25,182.07,2.18,13.63,12.53,1.1,11.24,7.77,3.47,0.77,0.49,0.28,231.27,231.38,0.11,19.12,18.85,0.27,0.03,0.02,0.01,11.0,10.94,0.06,59.42,59.58,0.16,34.96,33.75,1.21,46.15,46.12,0.03,35.32,35.64,0.32,0.0,0.0,0.0,0.0,0.0,0.0,0.0,0.0,0.0,0.0,0.0,0.0,0.0,0.0,0.0
Munster - OI,OI,,Munster Origine Inconnue,True,929.17,920.07,9.1,1.0,63.13,63.33,0.2,172.11,170.83,1.28,197.67,195.5,2.17,14.22,13.13,1.09,11.81,8.33,3.48,0.8,0.52,0.28,248.45,248.56,0.11,20.51,20.24,0.27,0.03,0.02,0.01,11.75,11.69,0.06,63.76,63.92,0.16,37.45,36.24,1.21,49.55,49.51,0.04,37.94,38.26,0.32,0.0,0.0,0.0,0.0,0.0,0.0,0.0,0.0,0.0,0.0,0.0,0.0,0.0,0.0,0.0
Camembert - OI,OI,,Camembert Origine Inconnue,False,833.16,824.5,8.66,1.0,56.49,56.72,0.23,154.91,153.71,1.2,176.96,174.88,2.08,13.3,12.21,1.09,10.94,7.46,3.48,0.76,0.48,0.28,221.94,222.17,0.23,18.37,18.1,0.27,0.03,0.02,0.01,10.59,10.54,0.05,57.07,57.26,0.19,33.61,32.42,1.19,44.31,44.3,0.01,33.89,34.24,0.35,0.0,0.0,0.0,0.0,0.0,0.0,0.0,0.0,0.0,0.0,0.0,0.0,0.0,0.0,0.0
Cerise. dénoyautée. crue - OI,OI,,"Cerise, dénoyautée, crue Origine Inconnue",False,1237.22,1226.5,10.72,0.9,29.47,29.28,0.19,55.88,50.75,5.13,487.15,482.52,4.63,18.18,18.49,0.31,3.22,2.89,0.33,0.31,0.35,0.04,8.82,8.8,0.02,6.07,6.13,0.06,0.13,0.13,0.0,10.15,10.07,0.08,27.51,27.31,0.2,26.65,26.24,0.41,22.2,22.04,0.16,541.48,541.49,0.01,0.0,0.0,0.0,0.0,0.0,0.0,0.0,0.0,0.0,0.0,0.0,0.0,0.0,0.0,0.0
Beurre à 82% MG ou huile de beurre - FR,FR,,Beurre à 82% MG ou huile de beurre FR,False,961.96,970.42,8.46,0.9,89.83,91.03,1.2,210.06,218.2,8.14,387.06,388.12,1.06,19.28,17.68,1.6,4.83,4.82,0.01,2.9,0.71,2.19,30.71,30.75,0.04,13.12,11.69,1.43,0.04,0.04,0.0,11.26,12.0,0.74,81.73,83.07,1.34,32.53,32.82,0.29,73.93,74.4,0.47,4.68,5.09,0.41,0.0,0.0,0.0,0.0,0.0,0.0,0.0,0.0,0.0,0.0,0.0,0.0,0.0,0.0,0.0
Purée - Figue (CMAPS) - FR BIO,FR,BIO,Purée - Figue (CMAPS) FR BIO,False,84.73,85.39,0.66,0.8,4.1,4.17,0.07,7.39,7.78,0.39,6.4,6.43,0.03,6.01,6.02,0.01,0.69,0.69,0.0,0.33,0.21,0.12,21.49,21.52,0.03,17.81,17.83,0.02,0.01,0.01,0.0,0.99,1.03,0.04,3.45,3.52,0.07,0.6,0.61,0.01,1.43,1.45,0.02,14.11,14.12,0.01,-0.01,0.0,0.01,-0.03,0.0,0.03,0.0,0.0,0.0,0.0,0.0,0.0,-0.04,0.0,0.04
"Oeuf, décoquillé, de poule, de cane ou d'oie, cru - FR",FR,,"Oeuf, décoquillé, de poule, de cane ou d'oie, cru FR",False,353.9,351.19,2.71,0.8,21.66,21.53,0.13,37.08,36.45,0.63,207.11,205.08,2.03,9.11,9.45,0.34,4.29,4.28,0.01,0.4,0.39,0.01,10.38,10.37,0.01,4.68,4.74,0.06,0.02,0.02,0.0,4.66,4.69,0.03,20.0,19.88,0.12,12.87,12.83,0.04,17.85,17.71,0.14,3.78,3.77,0.01,0.0,0.0,0.0,0.0,0.0,0.0,0.0,0.0,0.0,0.0,0.0,0.0,0.0,0.0,0.0
"Oeuf, décoquillé, de poule, de cane ou d'oie, cru - FR BIO",FR,BIO,"Oeuf, décoquillé, de poule, de cane ou d'oie, cru FR BIO",False,343.73,341.03,2.7,0.8,48.47,48.31,0.16,65.5,64.85,0.65,23.84,21.99,1.85,14.51,14.84,0.33,7.56,7.54,0.02,0.78,0.77,0.01,29.88,29.85,0.03,5.99,6.05,0.06,0.02,0.02,0.0,6.47,6.49,0.02,52.75,52.59,0.16,30.84,30.77,0.07,44.62,44.45,0.17,12.51,12.49,0.02,0.0,0.0,0.0,0.0,0.0,0.0,0.0,0.0,0.0,0.0,0.0,0.0,0.0,0.0,0.0
"Olive verte, dénoyautée - OI",OI,,"Olive verte, dénoyautée Origine Inconnue",False,3164.54,3140.9,23.64,0.7,18.46,17.93,0.53,28.03,14.41,13.62,3021.74,3015.19,6.55,6.13,6.2,0.07,4.78,3.97,0.81,0.14,0.18,0.04,15.4,15.36,0.04,2.83,2.84,0.01,0.06,0.06,0.0,3.8,3.48,0.32,16.6,16.03,0.57,10.12,9.02,1.1,14.65,14.25,0.4,21.81,21.86,0.05,0.0,0.0,0.0,0.0,0.0,0.0,0.0,0.0,0.0,0.0,0.0,0.0,0.0,0.0,0.0
"Matière grasse laitière à 25% MG. légère. ""à tartiner"". doux - OI",OI,,"Matière grasse laitière à 25% MG, légère, ""à tartiner"", doux Origine Inconnue",False,580.7,576.82,3.88,0.7,39.9,39.87,0.03,108.7,108.95,0.25,121.74,121.54,0.2,10.03,9.47,0.56,7.26,5.28,1.98,0.75,0.42,0.33,153.22,153.46,0.24,13.95,12.53,1.42,0.01,0.01,0.0,7.64,7.61,0.03,40.54,40.39,0.15,22.57,22.55,0.02,30.82,30.84,0.02,23.56,23.9,0.34,0.0,0.0,0.0,0.0,0.0,0.0,0.0,0.0,0.0,0.0,0.0,0.0,0.0,0.0,0.0
Reblochon - FR,FR,,Reblochon FR,False,610.91,607.5,3.41,0.6,55.18,55.61,0.43,137.06,143.78,6.72,234.98,234.49,0.49,18.51,16.87,1.64,5.47,3.02,2.45,2.86,0.51,2.35,18.72,18.51,0.21,7.54,7.2,0.34,0.04,0.03,0.01,7.86,8.16,0.3,53.46,50.88,2.58,21.07,19.99,1.08,44.98,45.13,0.15,3.17,3.33,0.16,0.0,0.0,0.0,0.0,0.0,0.0,0.0,0.0,0.0,0.0,0.0,0.0,0.0,0.0,0.0
Farine de riz - OI,OI,,Farine de riz Origine Inconnue,False,796.96,791.85,5.11,0.6,31.28,30.95,0.33,84.42,82.52,1.9,447.58,446.59,0.99,7.86,7.64,0.22,3.5,3.03,0.47,0.16,0.17,0.01,5.55,5.54,0.01,6.35,6.33,0.02,0.02,0.02,0.0,6.12,5.94,0.18,28.16,27.75,0.41,45.61,45.46,0.15,25.71,25.56,0.15,104.63,104.35,0.28,0.0,0.0,0.0,0.0,0.0,0.0,0.0,0.0,0.0,0.0,0.0,0.0,0.0,0.0,0.0
"Pièces de porc, désossée, crue (poitrine, longe, jarret, cote, rouelle, carre, filet, roti, palette, jambonneau, escalope, travers, échine) - OI",OI,,"Pièces de porc, désossée, crue (poitrine, longe, jarret, cote, rouelle, carre, filet, roti, palette, jambonneau, escalope, travers, échine) Origine Inconnue",False,1295.93,1288.7,7.23,0.6,64.09,63.98,0.11,188.03,186.89,1.14,697.67,696.68,0.99,42.26,41.44,0.82,8.67,7.45,1.22,1.74,1.45,0.29,25.37,25.36,0.01,10.71,10.58,0.13,0.31,0.31,0.0,26.51,26.38,0.13,53.79,53.69,0.1,40.61,40.49,0.12,52.86,52.79,0.07,83.33,81.24,2.09,0.0,0.0,0.0,0.0,0.0,0.0,0.0,0.0,0.0,0.0,0.0,0.0,0.0,0.0,0.0
Purée - Figue (CMAPS) - FR,FR,,Purée - Figue (CMAPS) FR,False,133.44,134.13,0.69,0.5,0.78,0.84,0.06,6.47,6.86,0.39,76.13,76.26,0.13,3.06,3.07,0.01,0.67,0.67,0.0,0.27,0.15,0.12,16.1,16.13,0.03,2.37,2.37,0.0,0.0,0.0,0.0,0.51,0.54,0.03,0.73,0.8,0.07,15.44,15.48,0.04,0.44,0.46,0.02,10.49,10.5,0.01,-0.01,0.0,0.01,-0.01,0.0,0.01,0.0,0.0,0.0,0.0,0.0,0.0,-0.02,0.0,0.02
Vin blanc (sec) - OI,OI,,Vin blanc (sec) Origine Inconnue,False,1044.3,1039.5,4.8,0.5,7.35,7.26,0.09,21.12,20.69,0.43,856.37,855.13,1.24,9.1,8.43,0.67,3.99,2.63,1.36,0.45,0.19,0.26,10.32,10.25,0.07,5.2,4.91,0.29,0.02,0.02,0.0,3.69,3.62,0.07,7.67,7.42,0.25,10.46,10.36,0.1,4.91,4.85,0.06,103.63,103.74,0.11,0.0,0.0,0.0,0.0,0.0,0.0,0.0,0.0,0.0,0.0,0.0,0.0,0.0,0.0,0.0
Cheddar - FR,FR,,Cheddar FR,False,745.51,742.1,3.41,0.5,67.88,68.31,0.43,166.66,173.39,6.73,289.79,289.31,0.48,20.43,18.79,1.64,6.12,3.67,2.45,2.93,0.58,2.35,23.08,22.87,0.21,9.18,8.84,0.34,0.05,0.04,0.01,9.43,9.74,0.31,65.0,62.42,2.58,25.68,24.59,1.09,55.46,55.6,0.14,3.82,3.98,0.16,0.0,0.0,0.0,0.0,0.0,0.0,0.0,0.0,0.0,0.0,0.0,0.0,0.0,0.0,0.0
Comté - FR,FR,,Comté FR,False,789.26,785.57,3.69,0.5,72.01,72.41,0.4,176.29,182.95,6.66,307.6,306.99,0.61,21.06,19.41,1.65,6.33,3.88,2.45,2.96,0.61,2.35,24.49,24.27,0.22,9.71,9.37,0.34,0.05,0.04,0.01,9.94,10.25,0.31,68.75,66.14,2.61,27.17,26.08,1.09,58.86,58.98,0.12,4.03,4.19,0.16,0.0,0.0,0.0,0.0,0.0,0.0,0.0,0.0,0.0,0.0,0.0,0.0,0.0,0.0,0.0
Cantal. Salers ou Laguiole - FR,FR,,"Cantal, Salers ou Laguiole FR",False,717.47,714.06,3.41,0.5,65.24,65.66,0.42,160.5,167.22,6.72,278.37,277.89,0.48,20.03,18.39,1.64,5.99,3.53,2.46,2.92,0.57,2.35,22.17,21.96,0.21,8.84,8.5,0.34,0.05,0.04,0.01,9.11,9.41,0.3,62.59,60.01,2.58,24.72,23.63,1.09,53.27,53.42,0.15,3.69,3.84,0.15,0.0,0.0,0.0,0.0,0.0,0.0,0.0,0.0,0.0,0.0,0.0,0.0,0.0,0.0,0.0
Emmental ou emmenthal - FR,FR,,Emmental ou emmenthal FR,False,723.08,719.67,3.41,0.5,65.77,66.19,0.42,161.73,168.45,6.72,280.65,280.16,0.49,20.11,18.47,1.64,6.01,3.56,2.45,2.92,0.57,2.35,22.35,22.14,0.21,8.9,8.57,0.33,0.05,0.04,0.01,9.17,9.48,0.31,63.07,60.49,2.58,24.91,23.83,1.08,53.71,53.85,0.14,3.71,3.87,0.16,0.0,0.0,0.0,0.0,0.0,0.0,0.0,0.0,0.0,0.0,0.0,0.0,0.0,0.0,0.0
Fromage bleu d'Auvergne - FR,FR,,Fromage bleu d'Auvergne FR,False,667.0,663.58,3.42,0.5,60.47,60.9,0.43,149.39,156.11,6.72,257.82,257.33,0.49,19.31,17.67,1.64,5.74,3.29,2.45,2.89,0.54,2.35,20.54,20.33,0.21,8.22,7.88,0.34,0.05,0.03,0.02,8.52,8.82,0.3,58.27,55.69,2.58,22.99,21.91,1.08,49.35,49.49,0.14,3.44,3.6,0.16,0.0,0.0,0.0,0.0,0.0,0.0,0.0,0.0,0.0,0.0,0.0,0.0,0.0,0.0,0.0
Pont l'Évêque - FR,FR,,Pont l'Évêque FR,False,624.37,621.52,2.85,0.5,56.45,56.93,0.48,140.02,146.86,6.84,240.46,240.2,0.26,18.71,17.07,1.64,5.54,3.08,2.46,2.87,0.52,2.35,19.16,18.97,0.19,7.7,7.37,0.33,0.04,0.03,0.01,8.02,8.33,0.31,54.61,52.08,2.53,21.53,20.47,1.06,46.03,46.22,0.19,3.24,3.39,0.15,0.0,0.0,0.0,0.0,0.0,0.0,0.0,0.0,0.0,0.0,0.0,0.0,0.0,0.0,0.0
"Oeuf, décoquillé, de poule, de cane ou d'oie, cru - OI",OI,,"Oeuf, décoquillé, de poule, de cane ou d'oie, cru Origine Inconnue",False,1377.07,1371.4,5.67,0.4,54.97,54.85,0.12,240.9,238.38,2.52,777.37,774.58,2.79,41.14,41.5,0.36,11.53,11.36,0.17,0.6,0.64,0.04,31.16,31.12,0.04,10.66,10.72,0.06,0.26,0.26,0.0,26.52,26.49,0.03,46.09,45.97,0.12,41.64,41.42,0.22,46.29,46.18,0.11,47.93,47.9,0.03,0.0,0.0,0.0,0.0,0.0,0.0,0.0,0.0,0.0,0.0,0.0,0.0,0.0,0.0,0.0
Gouda - FR,FR,,Gouda FR,False,730.93,728.08,2.85,0.4,66.51,66.99,0.48,163.46,170.3,6.84,283.85,283.6,0.25,20.23,18.59,1.64,6.05,3.6,2.45,2.93,0.58,2.35,22.61,22.41,0.2,9.0,8.67,0.33,0.05,0.04,0.01,9.26,9.57,0.31,63.75,61.22,2.53,25.18,24.11,1.07,54.32,54.51,0.19,3.75,3.91,0.16,0.0,0.0,0.0,0.0,0.0,0.0,0.0,0.0,0.0,0.0,0.0,0.0,0.0,0.0,0.0
Gruyère - FR,FR,,Gruyère FR,False,797.11,793.98,3.13,0.4,72.75,73.21,0.46,178.01,184.8,6.79,310.79,310.43,0.36,21.17,19.53,1.64,6.37,3.92,2.45,2.96,0.61,2.35,24.75,24.54,0.21,9.81,9.47,0.34,0.05,0.04,0.01,10.04,10.34,0.3,69.42,66.87,2.55,27.44,26.37,1.07,59.47,59.64,0.17,4.07,4.23,0.16,0.0,0.0,0.0,0.0,0.0,0.0,0.0,0.0,0.0,0.0,0.0,0.0,0.0,0.0,0.0
Roquefort - FR,FR,,Roquefort FR,False,691.67,688.82,2.85,0.4,62.8,63.28,0.48,154.82,161.66,6.84,267.86,267.61,0.25,19.67,18.03,1.64,5.86,3.41,2.45,2.9,0.55,2.35,21.34,21.14,0.2,8.52,8.19,0.33,0.05,0.03,0.02,8.8,9.12,0.32,60.38,57.85,2.53,23.83,22.77,1.06,51.27,51.45,0.18,3.56,3.72,0.16,0.0,0.0,0.0,0.0,0.0,0.0,0.0,0.0,0.0,0.0,0.0,0.0,0.0,0.0,0.0
Tomme ou tome de vache - FR,FR,,Tomme ou tome de vache FR,False,687.19,684.62,2.57,0.4,62.38,62.88,0.5,153.84,160.74,6.9,266.04,265.89,0.15,19.6,17.97,1.63,5.84,3.39,2.45,2.9,0.55,2.35,21.19,21.01,0.18,8.47,8.14,0.33,0.05,0.03,0.02,8.75,9.07,0.32,60.0,57.49,2.51,23.68,22.63,1.05,50.92,51.13,0.21,3.54,3.7,0.16,0.0,0.0,0.0,0.0,0.0,0.0,0.0,0.0,0.0,0.0,0.0,0.0,0.0,0.0,0.0
Farine de soja - OI,OI,,Farine de soja Origine Inconnue,False,1570.5,1564.2,6.3,0.4,3.42,3.13,0.29,42.86,41.03,1.83,1485.36,1482.72,2.64,3.8,3.59,0.21,2.61,2.14,0.47,0.14,0.16,0.02,1.22,1.21,0.01,6.46,6.44,0.02,0.01,0.01,0.0,2.71,2.53,0.18,4.06,3.69,0.37,14.78,14.67,0.11,1.87,1.76,0.11,1.21,1.11,0.1,0.0,0.0,0.0,0.0,0.0,0.0,0.0,0.0,0.0,0.0,0.0,0.0,0.0,0.0,0.0
Jus - Framboise (CMAPS) - FR,FR,,Jus - Framboise (CMAPS) FR,False,654.27,656.54,2.27,0.3,46.16,45.32,0.84,38.72,35.7,3.02,423.13,413.43,9.7,11.01,10.62,0.39,3.8,3.63,0.17,0.27,0.12,0.15,11.52,11.47,0.05,8.44,8.34,0.1,0.03,0.03,0.0,8.97,8.75,0.22,42.06,41.26,0.8,22.82,22.55,0.27,38.2,37.48,0.72,17.99,17.84,0.15,-4.22,0.0,4.22,-3.98,0.0,3.98,0.0,0.0,0.0,0.0,0.0,0.0,-10.65,0.0,10.65
Purée - Prune (CMAPS) - FR BIO,FR,BIO,Purée - Prune (CMAPS) FR BIO,False,416.14,417.51,1.37,0.3,14.48,14.56,0.08,36.17,36.62,0.45,29.38,29.44,0.06,22.41,22.47,0.06,6.35,6.36,0.01,0.32,0.21,0.11,144.98,145.18,0.2,63.47,63.56,0.09,0.03,0.03,0.0,5.19,5.24,0.05,12.63,12.71,0.08,3.0,3.02,0.02,6.96,6.99,0.03,71.02,71.13,0.11,-0.04,0.0,0.04,-0.11,0.0,0.11,0.0,0.0,0.0,0.0,0.0,0.0,-0.1,0.0,0.1
Purée - Prune (CMAPS) - FR,FR,,Purée - Prune (CMAPS) FR,False,572.04,573.5,1.46,0.3,3.77,3.83,0.06,18.67,19.09,0.42,402.13,402.7,0.57,8.21,8.25,0.04,4.25,4.26,0.01,0.21,0.1,0.11,79.81,79.92,0.11,5.87,5.87,0.0,0.01,0.01,0.0,2.42,2.46,0.04,3.5,3.57,0.07,1.64,1.66,0.02,2.46,2.48,0.02,39.21,39.27,0.06,-0.03,0.0,0.03,-0.05,0.0,0.05,0.0,0.0,0.0,0.0,0.0,0.0,-0.05,0.0,0.05
Abricot. dénoyauté. cru - FR BIO,FR,BIO,"Abricot, dénoyauté, cru FR BIO",False,34.61,34.71,0.1,0.3,2.98,2.65,0.33,5.04,3.48,1.56,8.25,4.03,4.22,1.87,2.12,0.25,0.31,0.26,0.05,0.06,0.05,0.01,3.86,3.85,0.01,3.17,3.21,0.04,0.0,0.0,0.0,1.33,1.29,0.04,3.47,3.16,0.31,1.0,0.91,0.09,2.63,2.33,0.3,7.41,7.37,0.04,-0.97,0.0,0.97,-2.21,0.0,2.21,0.0,0.0,0.0,0.0,0.0,0.0,-3.61,0.0,3.61
Avocat. pulpe. cru - OI BIO,OI,BIO,"Avocat, pulpe, cru Origine Inconnue BIO",False,330.63,329.52,1.11,0.3,13.44,13.11,0.33,25.01,16.24,8.77,14.89,6.9,7.99,5.99,6.2,0.21,1.8,1.27,0.53,0.08,0.11,0.03,10.3,10.27,0.03,11.09,11.13,0.04,0.01,0.0,0.01,3.28,3.09,0.19,15.28,14.92,0.36,5.3,4.59,0.71,12.41,12.15,0.26,229.29,229.53,0.24,-2.51,0.0,2.51,-5.7,0.0,5.7,0.0,0.0,0.0,0.0,0.0,0.0,-9.31,0.0,9.31
Fromage de chèvre sec - FR,FR,,Fromage de chèvre sec FR,False,1390.51,1386.5,4.01,0.3,244.39,244.72,0.33,333.89,340.48,6.59,129.05,128.6,0.45,34.56,32.88,1.68,8.75,6.29,2.46,3.51,1.15,2.36,102.43,102.18,0.25,14.46,14.12,0.34,0.06,0.05,0.01,13.61,13.91,0.3,230.23,227.55,2.68,67.35,66.24,1.11,203.71,203.77,0.06,4.52,4.57,0.05,0.0,0.0,0.0,0.0,0.0,0.0,0.0,0.0,0.0,0.0,0.0,0.0,0.0,0.0,0.0
Beaufort - FR,FR,,Beaufort FR,False,776.92,774.35,2.57,0.3,70.85,71.35,0.5,173.57,180.48,6.91,302.57,302.42,0.15,20.88,19.25,1.63,6.27,3.82,2.45,2.95,0.6,2.35,24.09,23.91,0.18,9.56,9.23,0.33,0.05,0.04,0.01,9.8,10.12,0.32,67.69,65.18,2.51,26.75,25.7,1.05,57.9,58.11,0.21,3.97,4.13,0.16,0.0,0.0,0.0,0.0,0.0,0.0,0.0,0.0,0.0,0.0,0.0,0.0,0.0,0.0,0.0
Mimolette - FR,FR,,Mimolette FR,False,776.92,774.35,2.57,0.3,70.85,71.35,0.5,173.57,180.48,6.91,302.57,302.42,0.15,20.88,19.25,1.63,6.27,3.82,2.45,2.95,0.6,2.35,24.09,23.91,0.18,9.56,9.23,0.33,0.05,0.04,0.01,9.8,10.12,0.32,67.69,65.18,2.51,26.75,25.7,1.05,57.9,58.11,0.21,3.97,4.13,0.16,0.0,0.0,0.0,0.0,0.0,0.0,0.0,0.0,0.0,0.0,0.0,0.0,0.0,0.0,0.0
Mozzarella au lait de vache - FR,FR,,Mozzarella au lait de vache FR,False,439.07,437.76,1.31,0.3,39.54,40.5,0.96,97.55,101.48,3.93,172.93,171.4,1.53,12.27,10.44,1.83,4.34,2.18,2.16,1.89,0.35,1.54,13.55,13.55,0.0,5.52,5.22,0.3,0.03,0.02,0.01,5.2,5.7,0.5,35.92,37.03,1.11,15.6,14.57,1.03,32.73,32.94,0.21,2.0,2.38,0.38,0.0,0.0,0.0,0.0,0.0,0.0,0.0,0.0,0.0,0.0,0.0,0.0,0.0,0.0,0.0
Parmesan - FR,FR,,Parmesan FR,False,820.67,817.82,2.85,0.3,74.98,75.45,0.47,183.2,190.04,6.84,320.38,320.13,0.25,21.51,19.87,1.64,6.49,4.03,2.46,2.98,0.63,2.35,25.51,25.31,0.2,10.1,9.77,0.33,0.05,0.04,0.01,10.31,10.62,0.31,71.44,68.91,2.53,28.25,27.18,1.07,61.3,61.49,0.19,4.18,4.34,0.16,0.0,0.0,0.0,0.0,0.0,0.0,0.0,0.0,0.0,0.0,0.0,0.0,0.0,0.0,0.0
Beurre à 82% MG ou huile de beurre - OI,OI,,Beurre à 82% MG ou huile de beurre Origine Inconnue,False,1530.19,1525.9,4.29,0.3,105.58,105.52,0.06,278.79,278.97,0.18,326.6,326.31,0.29,19.16,18.6,0.56,15.88,13.89,1.99,1.18,0.84,0.34,415.37,415.49,0.12,35.17,33.74,1.43,0.03,0.03,0.0,19.11,19.07,0.04,106.68,106.5,0.18,60.5,60.47,0.03,82.59,82.59,0.0,63.54,63.87,0.33,0.0,0.0,0.0,0.0,0.0,0.0,0.0,0.0,0.0,0.0,0.0,0.0,0.0,0.0,0.0
Farine d'avoine (CMAPS) - OI,OI,,Farine d'avoine (CMAPS) Origine Inconnue,False,362.31,361.28,1.03,0.3,98.67,98.52,0.15,19.18,19.24,0.06,20.37,20.37,0.0,5.74,5.67,0.07,1.4,0.98,0.42,0.17,0.11,0.06,7.91,7.9,0.01,2.86,2.85,0.01,0.01,0.01,0.0,3.67,3.67,0.0,92.23,92.07,0.16,25.98,25.93,0.05,82.29,82.15,0.14,1.85,1.83,0.02,0.0,0.0,0.0,0.0,0.0,0.0,0.0,0.0,0.0,0.0,0.0,0.0,0.0,0.0,0.0
Purée - Figue (CMAPS) - OI,OI,,Purée - Figue (CMAPS) Origine Inconnue,False,347.21,346.51,0.7,0.2,11.92,11.87,0.05,16.92,16.36,0.56,190.68,190.82,0.14,5.96,5.92,0.04,1.12,1.01,0.11,0.19,0.19,0.0,4.81,4.81,0.0,2.33,2.33,0.0,0.06,0.06,0.0,4.62,4.57,0.05,10.77,10.7,0.07,7.08,7.07,0.01,9.51,9.5,0.01,81.23,81.31,0.08,0.0,0.0,0.0,0.0,0.0,0.0,0.0,0.0,0.0,0.0,0.0,0.0,0.0,0.0,0.0
"Salade crue, découpée, nettoyée (laitue, mache, mesclun, jeunes pousses, scarole, pissenlit, roquette, cresson) - OI",OI,,"Salade crue, découpée, nettoyée (laitue, mache, mesclun, jeunes pousses, scarole, pissenlit, roquette, cresson) Origine Inconnue",False,767.36,765.45,1.91,0.2,57.38,57.41,0.03,340.69,328.65,12.04,67.39,66.41,0.98,80.38,103.33,22.95,7.25,6.77,0.48,0.44,0.51,0.07,3.53,3.53,0.0,6.93,6.72,0.21,0.0,0.03,0.03,52.82,51.93,0.89,126.14,115.89,10.25,8.41,7.01,1.4,9.52,9.27,0.25,6.48,7.98,1.5,0.0,0.0,0.0,0.0,0.0,0.0,0.0,0.0,0.0,0.0,0.0,0.0,0.0,0.0,0.0
"Fraise. crue, surgelé - OI",OI,,"Fraise, crue, surgelé Origine Inconnue",False,4387.94,4378.7,9.24,0.2,6.4,5.81,0.59,19.96,17.54,2.42,4262.94,4262.44,0.5,9.63,8.22,1.41,2.87,0.76,2.11,0.54,0.19,0.35,1.12,1.1,0.02,14.94,14.89,0.05,3.01,3.01,0.0,2.49,2.18,0.31,19.57,18.73,0.84,3.24,3.06,0.18,4.23,4.0,0.23,37.0,36.8,0.2,0.0,0.0,0.0,0.0,0.0,0.0,0.0,0.0,0.0,0.0,0.0,0.0,0.0,0.0,0.0
Fromage 100% brebis type Feta - FR,FR,,Fromage 100% brebis type Feta FR,False,571.34,570.1,1.24,0.2,99.17,100.11,0.94,136.97,140.93,3.96,54.17,52.82,1.35,16.17,14.32,1.85,4.77,2.62,2.15,2.05,0.51,1.54,41.68,41.66,0.02,6.08,5.78,0.3,0.03,0.02,0.01,5.38,5.88,0.5,92.08,93.17,1.09,28.12,27.09,1.03,83.0,83.2,0.2,1.66,1.99,0.33,0.0,0.0,0.0,0.0,0.0,0.0,0.0,0.0,0.0,0.0,0.0,0.0,0.0,0.0,0.0
Fromage à pâte ferme environ 14% MG type Masdaam à teneur réduite en MG - FR,FR,,Fromage à pâte ferme environ 14% MG type Masdaam à teneur réduite en MG FR,False,556.85,555.54,1.31,0.2,50.65,51.61,0.96,123.45,127.39,3.94,220.89,219.36,1.53,13.96,12.12,1.84,4.9,2.75,2.15,1.96,0.42,1.54,17.36,17.36,0.0,6.96,6.66,0.3,0.04,0.03,0.01,6.58,7.08,0.5,46.02,47.13,1.11,19.62,18.6,1.02,41.89,42.1,0.21,2.57,2.94,0.37,0.0,0.0,0.0,0.0,0.0,0.0,0.0,0.0,0.0,0.0,0.0,0.0,0.0,0.0,0.0
Gorgonzola - FR,FR,,Gorgonzola FR,False,569.19,568.16,1.03,0.2,51.82,52.8,0.98,126.17,130.17,4.0,225.91,224.49,1.42,14.13,12.3,1.83,4.96,2.81,2.15,1.97,0.43,1.54,17.76,17.76,0.0,7.11,6.81,0.3,0.04,0.03,0.01,6.72,7.23,0.51,47.07,48.21,1.14,20.05,19.03,1.02,42.85,43.08,0.23,2.63,3.01,0.38,0.0,0.0,0.0,0.0,0.0,0.0,0.0,0.0,0.0,0.0,0.0,0.0,0.0,0.0,0.0
"Pièce de volaille et lapin, désossée, crue (poulet, dinde, chapon, canard, oie, lapin) - OI",OI,,"Pièce de volaille et lapin, désossée, crue (poulet, dinde, chapon, canard, oie, lapin) Origine Inconnue",False,1707.0,1709.8,2.8,0.2,125.28,122.89,2.39,190.44,179.05,11.39,1044.85,1034.63,10.22,4.24,37.69,33.45,15.66,8.22,7.44,-17.22,1.06,18.28,21.23,20.94,0.29,19.03,13.3,5.73,0.07,0.06,0.01,20.86,18.98,1.88,125.03,118.86,6.17,48.07,47.36,0.71,101.06,100.14,0.92,8.41,6.69,1.72,0.0,0.0,0.0,0.0,0.0,0.0,0.0,0.0,0.0,0.0,0.0,0.0,0.0,0.0,0.0
"Pièces de boeuf, désossée, crue (côte, épaule, gite, joue, jarret, rosbif, onglet, bavette...) - OI",OI,,"Pièces de boeuf, désossée, crue (côte, épaule, gite, joue, jarret, rosbif, onglet, bavette...) Origine Inconnue",False,4542.94,4533.2,9.74,0.2,587.65,586.63,1.02,1130.2,1128.22,1.98,637.3,635.41,1.89,162.26,161.77,0.49,32.11,31.45,0.66,3.03,2.92,0.11,188.34,188.01,0.33,107.73,107.51,0.22,0.25,0.25,0.0,180.69,180.28,0.41,509.32,508.34,0.98,447.39,446.54,0.85,498.84,497.96,0.88,57.83,57.88,0.05,0.0,0.0,0.0,0.0,0.0,0.0,0.0,0.0,0.0,0.0,0.0,0.0,0.0,0.0,0.0
Purée - Prune (CMAPS) - OI,OI,,Purée - Prune (CMAPS) Origine Inconnue,False,1406.55,1407.5,0.95,0.1,33.7,33.69,0.01,59.54,59.09,0.45,553.95,554.62,0.67,21.17,21.18,0.01,3.43,3.32,0.11,0.42,0.42,0.0,10.06,10.07,0.01,7.02,7.03,0.01,0.15,0.15,0.0,11.6,11.57,0.03,31.46,31.42,0.04,30.07,30.1,0.03,25.37,25.38,0.01,618.61,619.48,0.87,0.0,0.0,0.0,0.0,0.0,0.0,0.0,0.0,0.0,0.0,0.0,0.0,0.0,0.0,0.0
Chaource - FR,FR,,Chaource FR,False,514.23,513.47,0.76,0.1,46.63,47.64,1.01,114.08,118.14,4.06,203.53,202.22,1.31,13.35,11.52,1.83,4.7,2.55,2.15,1.94,0.4,1.54,15.98,16.0,0.02,6.44,6.14,0.3,0.04,0.02,0.02,6.08,6.59,0.51,42.36,43.52,1.16,18.17,17.16,1.01,38.57,38.83,0.26,2.37,2.74,0.37,0.0,0.0,0.0,0.0,0.0,0.0,0.0,0.0,0.0,0.0,0.0,0.0,0.0,0.0,0.0
Coulommiers - FR,FR,,Coulommiers FR,False,514.23,513.47,0.76,0.1,46.63,47.64,1.01,114.08,118.14,4.06,203.53,202.22,1.31,13.35,11.52,1.83,4.7,2.55,2.15,1.94,0.4,1.54,15.98,16.0,0.02,6.44,6.14,0.3,0.04,0.02,0.02,6.08,6.59,0.51,42.36,43.52,1.16,18.17,17.16,1.01,38.57,38.83,0.26,2.37,2.74,0.37,0.0,0.0,0.0,0.0,0.0,0.0,0.0,0.0,0.0,0.0,0.0,0.0,0.0,0.0,0.0
Fourme d'Ambert - FR,FR,,Fourme d'Ambert FR,False,581.53,580.78,0.75,0.1,52.98,54.0,1.02,128.88,132.94,4.06,230.93,229.62,1.31,14.31,12.48,1.83,5.02,2.87,2.15,1.97,0.43,1.54,18.16,18.17,0.01,7.26,6.96,0.3,0.04,0.03,0.01,6.87,7.38,0.51,48.13,49.29,1.16,20.47,19.46,1.01,43.81,44.07,0.26,2.69,3.07,0.38,0.0,0.0,0.0,0.0,0.0,0.0,0.0,0.0,0.0,0.0,0.0,0.0,0.0,0.0,0.0
Fromage type feta. au lait de vache - FR,FR,,"Fromage type feta, au lait de vache FR",False,536.66,535.91,0.75,0.1,48.75,49.76,1.01,119.01,123.07,4.06,212.67,211.36,1.31,13.67,11.84,1.83,4.81,2.66,2.15,1.95,0.41,1.54,16.71,16.72,0.01,6.71,6.42,0.29,0.04,0.02,0.02,6.34,6.85,0.51,44.29,45.45,1.16,18.93,17.92,1.01,40.32,40.58,0.26,2.48,2.85,0.37,0.0,0.0,0.0,0.0,0.0,0.0,0.0,0.0,0.0,0.0,0.0,0.0,0.0,0.0,0.0
"Fromage de chèvre sec (chabichou, picodon, crottin de Chavignol) - FR",FR,,"Fromage de chèvre sec (chabichou, picodon, crottin de Chavignol) FR",False,964.16,963.39,0.77,0.1,169.87,170.91,1.04,230.75,234.83,4.08,90.97,89.67,1.3,23.21,21.37,1.84,6.53,4.38,2.15,2.34,0.79,1.55,71.4,71.42,0.02,10.12,9.82,0.3,0.04,0.03,0.01,8.99,9.5,0.51,157.73,158.92,1.19,47.25,46.25,1.0,142.09,142.36,0.27,2.86,3.15,0.29,0.0,0.0,0.0,0.0,0.0,0.0,0.0,0.0,0.0,0.0,0.0,0.0,0.0,0.0,0.0
Mont d'or ou Vacherin du Haut-Doubs (produit en France) ou Vacherin-Mont d'Or (produit en Suisse) - FR,FR,,Mont d'or ou Vacherin du Haut-Doubs (produit en France) ou Vacherin-Mont d'Or (produit en Suisse) FR,False,549.0,548.53,0.47,0.1,49.91,50.95,1.04,121.73,125.85,4.12,217.69,216.5,1.19,13.84,12.02,1.82,4.87,2.72,2.15,1.96,0.42,1.54,17.11,17.13,0.02,6.86,6.57,0.29,0.04,0.02,0.02,6.49,7.0,0.51,45.34,46.53,1.19,19.36,18.36,1.0,41.28,41.56,0.28,2.54,2.91,0.37,0.0,0.0,0.0,0.0,0.0,0.0,0.0,0.0,0.0,0.0,0.0,0.0,0.0,0.0,0.0
Munster - FR,FR,,Munster FR,False,588.26,587.79,0.47,0.1,53.62,54.66,1.04,130.36,134.48,4.12,233.67,232.47,1.2,14.4,12.58,1.82,5.06,2.91,2.15,1.98,0.44,1.54,18.38,18.4,0.02,7.34,7.05,0.29,0.04,0.03,0.01,6.95,7.46,0.51,48.71,49.89,1.18,20.7,19.7,1.0,44.33,44.61,0.28,2.72,3.1,0.38,0.0,0.0,0.0,0.0,0.0,0.0,0.0,0.0,0.0,0.0,0.0,0.0,0.0,0.0,0.0
Brie. sans précision - FR,FR,,"Brie, sans précision FR",False,553.49,552.73,0.76,0.1,50.34,51.35,1.01,122.71,126.77,4.06,219.52,218.2,1.32,13.91,12.08,1.83,4.89,2.74,2.15,1.96,0.42,1.54,17.25,17.27,0.02,6.91,6.62,0.29,0.04,0.03,0.01,6.54,7.05,0.51,45.73,46.89,1.16,19.51,18.5,1.01,41.63,41.88,0.25,2.56,2.93,0.37,0.0,0.0,0.0,0.0,0.0,0.0,0.0,0.0,0.0,0.0,0.0,0.0,0.0,0.0,0.0
"Carotte. découpée, crue - FR BIO",FR,BIO,"Carotte, découpée, crue FR BIO",False,11.59,11.59,0.0,0.0,0.93,0.82,0.11,2.56,1.97,0.59,2.33,0.51,1.82,1.26,1.62,0.36,0.32,0.31,0.01,0.1,0.1,0.0,0.97,0.97,0.0,1.13,1.19,0.06,0.0,0.0,0.0,0.2,0.23,0.03,1.06,0.96,0.1,0.34,0.3,0.04,0.85,0.73,0.12,1.9,1.88,0.02,-1.05,0.0,1.05,-0.43,0.0,0.43,0.0,0.0,0.0,0.0,0.0,0.0,-0.89,0.0,0.89
Spécialité fromagère non affinée à tartiner 20 à 40 % MG nature ou aromatisée (ex: ail et fines herbes) - FR,FR,,Spécialité fromagère non affinée à tartiner 20 à 40 % MG nature ou aromatisée (ex: ail et fines herbes) FR,False,572.56,572.36,0.2,0.0,52.13,53.2,1.07,126.91,131.09,4.18,227.28,226.2,1.08,14.18,12.36,1.82,4.98,2.83,2.15,1.97,0.43,1.54,17.87,17.9,0.03,7.15,6.86,0.29,0.04,0.03,0.01,6.76,7.28,0.52,47.36,48.57,1.21,20.16,19.17,0.99,43.11,43.41,0.3,2.65,3.03,0.38,0.0,0.0,0.0,0.0,0.0,0.0,0.0,0.0,0.0,0.0,0.0,0.0,0.0,0.0,0.0
"Fromage de chèvre (frais, bûche, affiné, pasteurisé, crottin) - FR",FR,,"Fromage de chèvre (frais, bûche, affiné, pasteurisé, crottin) FR",False,772.04,772.12,0.08,0.0,135.29,136.48,1.19,184.89,189.16,4.27,72.98,71.75,1.23,19.77,17.94,1.83,5.67,3.52,2.15,2.2,0.66,1.54,56.86,56.95,0.09,8.14,7.86,0.28,0.04,0.03,0.01,7.23,7.74,0.51,125.62,126.95,1.33,37.89,36.93,0.96,113.19,113.59,0.4,2.27,2.59,0.32,0.0,0.0,0.0,0.0,0.0,0.0,0.0,0.0,0.0,0.0,0.0,0.0,0.0,0.0,0.0
Saint-Marcellin - FR,FR,,Saint-Marcellin FR,False,488.43,488.24,0.19,0.0,44.2,45.26,1.06,108.4,112.59,4.19,193.03,191.95,1.08,12.98,11.16,1.82,4.57,2.43,2.14,1.92,0.38,1.54,15.15,15.18,0.03,6.12,5.83,0.29,0.04,0.02,0.02,5.78,6.29,0.51,40.15,41.36,1.21,17.28,16.29,0.99,36.57,36.87,0.3,2.24,2.62,0.38,0.0,0.0,0.0,0.0,0.0,0.0,0.0,0.0,0.0,0.0,0.0,0.0,0.0,0.0,0.0
Camembert - FR,FR,,Camembert FR,False,527.69,527.5,0.19,0.0,47.9,48.97,1.07,117.04,121.22,4.18,209.01,207.93,1.08,13.54,11.72,1.82,4.76,2.62,2.14,1.94,0.4,1.54,16.42,16.45,0.03,6.6,6.31,0.29,0.04,0.02,0.02,6.24,6.75,0.51,43.52,44.73,1.21,18.63,17.64,0.99,39.62,39.92,0.3,2.43,2.81,0.38,0.0,0.0,0.0,0.0,0.0,0.0,0.0,0.0,0.0,0.0,0.0,0.0,0.0,0.0,0.0
