name,categories,foodType,foodTypeMatch,foodTypeConf,processingState,processingStateMatch,processingStateConf,transportCooling,transportCoolingMatch,cropGroup,cropGroupMatch,cropGroupConf,density,densityMatch,densityConf,inediblePart,inediblePartMatch,inediblePartConf,rawToCookedRatio,rawToCookedRatioMatch,rawToCookedRatioConf
Agave,vegetable_processed,vegetable,agave,1.000,processed,Agave,1.000,once_transformed,Agave,LEGUMES-FLEURS,Agave,1.000,1.018,"Guanabana nectar, canned",0.995,0.00,Agave,1.000,1.000,Agave,1.000
"Almonds, in shell",nut_oilseed_raw,nut_oilseed,almond,0.950,raw,almond,0.950,none,Amandes en coque UE,FRUITS A COQUES,almond,0.950,0.460,Almonds,0.950,0.50,Almonds,0.950,1.000,Amandes en coque UE,1.000
Amaranth,vegetable_processed,vegetable,agave,0.995,processed,Fécule de maïs,1.000,none,Fécule de maïs,BLE TENDRE,Fécule de maïs,1.000,1.018,"Guanabana nectar, canned",1.000,0.20,Fécule de maïs,1.000,2.259,Fécule de maïs,1.000
Anchovies,animal_product,fish_seafood,,,raw,Anchois FR,1.000,always,,,,,1.043,"Apple juice, canned or bottled, unsweetened, with added ascorbic acid",,0.20,Anchois FR,1.000,0.819,Anchois FR,1.000
Apple,vegetable_fresh,fruit,apple,1.000,raw,Pomme par défaut,1.000,always,Pomme par défaut,VERGERS,apple,1.000,0.900,apple,1.000,0.10,Pomme par défaut,1.000,0.856,Pomme par défaut,1.000
Apricots,vegetable_fresh,fruit,apricot,0.950,raw,abricots,1.000,always,abricots,VERGERS,abricots,1.000,0.900,apricot,0.950,0.20,abricots,1.000,0.856,abricots,1.000
"Arctic char, fillet",animal_product,fish_seafood,,,raw,Escargot,1.000,none,Escargot,,,,0.919,Lard,1.000,0.50,Arctic char,0.950,2.330,Escargot,1.000
Asparagus,vegetable_fresh,vegetable,asparagus,1.000,raw,Asperge,1.000,always,Asperge,LEGUMES-FLEURS,asparagus,1.000,0.900,asparagus,1.000,0.40,Asperge,1.000,0.856,Asperge,1.000
Avocado,vegetable_fresh,fruit,avocado,1.000,raw,avocado,1.000,always,Abricot UE,VERGERS,pear,1.000,0.950,avocado,1.000,0.30,Avocados,0.950,0.856,Abricot UE,1.000
Baking powder,grain_raw,grain,bread,0.998,raw,Poudre de Molokhia,1.000,always,Poudre de Molokhia,BLE TENDRE,Poudre de Molokhia,1.000,0.900,Baking powder,1.000,0.40,Poudre de Molokhia,1.000,1.000,powder,0.950
Bamboo shoots,vegetable_fresh,fruit,grape,1.000,raw,pousses de bambou,1.000,always,pousses de bambou,LEGUMES-FLEURS,pousses de bambou,1.000,1.013,"Tamarind nectar, canned",1.000,0.10,pousses de bambou,1.000,0.856,pousses de bambou,1.000
Banana,vegetable_fresh,fruit,banana,1.000,raw,Banane,1.000,always,Banane,VERGERS,banana,1.000,0.950,banana,1.000,0.30,Banane,1.000,0.856,Banane,1.000
Basmati rice,grain_raw,grain,pasta,0.587,raw,Ensilage maïs FR,1.000,none,Ensilage maïs FR,RIZ,basmati rice,1.000,0.670,"Corn/maize, chops (coarse)",1.000,0.50,Ensilage maïs FR,1.000,2.259,Ensilage maïs FR,1.000
Bay leaves,spice_condiment_additive,spice_condiment,salt,0.551,processed,Safran,1.000,none,Safran,DIVERS,Safran,1.000,2.165,"Salt, sodium chloride",0.551,0.10,Safran,1.000,1.000,Safran,1.000
Beef cattle,animal_product,meat,,,raw,Agneau,1.000,always,Agneau,,,,1.000,Chicken noodle soup,1.000,0.00,Agneau,1.000,0.755,Agneau,1.000
Beetroot,vegetable_fresh,vegetable,shallot,1.000,raw,Rutabaga,1.000,always,Rutabaga,LEGUMES-FLEURS,beetroot,1.000,0.740,Soybean,1.000,0.10,Beetroots,0.950,0.856,beetroot,1.000
"Bell pepper, green, yellow or red",vegetable_fresh,vegetable,bell pepper,0.950,raw,"Poivron, vert, jaune ou rouge",0.950,always,"Poivron, vert, jaune ou rouge",LEGUMES-FLEURS,"Poivron, vert, jaune ou rouge",0.950,0.900,bell pepper,0.950,0.10,"Poivron, vert, jaune ou rouge",0.950,0.856,"Poivron, vert, jaune ou rouge",0.950
Big-scale sand smelt,grain_raw,grain,bread,0.999,raw,Pomme de terre de table FR,1.000,always,Pomme de terre de table FR,LEGUMES-FLEURS,Pomme de terre de table FR,1.000,1.040,"Soft drinks, cola type",1.000,0.50,Big-scale sand smelt,1.000,0.856,Pomme de terre de table FR,1.000
Black currant,vegetable_fresh,fruit,currant,0.950,raw,Myrtille FR,1.000,always,Myrtille FR,LEGUMES-FLEURS,squash,1.000,0.900,cauliflower,1.000,0.20,Currant,0.950,0.856,Myrtille FR,1.000
Black mulberry,vegetable_fresh,vegetable,yam,1.000,raw,Myrtille FR,1.000,always,Myrtille FR,LEGUMES-FLEURS,squash,1.000,0.900,cauliflower,1.000,0.03,Myrtille FR,1.000,0.856,Myrtille FR,1.000
Blueberry,vegetable_fresh,fruit,blueberry,1.000,raw,Myrtille FR,1.000,always,Myrtille FR,LEGUMES-FLEURS,Myrtille FR,1.000,0.900,blueberry,1.000,0.03,Myrtille FR,1.000,0.856,Myrtille FR,1.000
Bogue,animal_product,fish_seafood,bogue fish,0.950,raw,Bogue,1.000,always,Bogue,,,,1.043,"Apple juice, canned or bottled, unsweetened, with added ascorbic acid",,0.50,Bogue,1.000,1.000,Bogue,1.000
Brazil nuts,nut_oilseed_raw,nut_oilseed,nut,0.917,raw,noix du Brésil,1.000,none,noix du Brésil,FRUITS A COQUES,noix du Brésil,1.000,0.500,Cashews,1.000,0.50,noix du Brésil,1.000,1.000,noix du Brésil,1.000
Breadfruit,grain_processed,grain,bread,0.950,processed,bread,0.950,none,bread,BLE TENDRE,bread,0.950,0.290,Bread,0.950,0.00,bread,0.950,0.856,fruit,0.950
Broad bean,vegetable_fresh,vegetable,onion,1.000,raw,Fève,1.000,none,Fève,LEGUMES-FLEURS,zucchini,1.000,1.000,zucchini,1.000,0.10,Fève,1.000,0.856,Fève,1.000
Broccoli,vegetable_fresh,vegetable,broccoli,1.000,raw,Brocoli UE,1.000,always,Brocoli UE,LEGUMES-FLEURS,broccoli,1.000,0.900,broccoli,1.000,0.20,Brocoli UE,1.000,0.856,Brocoli UE,1.000
Broiler,animal_product,meat,cow,1.000,raw,Escargot,1.000,none,Escargot,,,,0.919,Lard,1.000,0.00,Escargot,1.000,2.330,Escargot,1.000
Brown sugar or cane mola,spice_condiment_additive,spice_condiment,sugar,0.950,processed,sugar,0.950,none,sugar,DIVERS,Sucre de canne par défaut,0.864,0.950,Sugar,0.950,0.00,sugar,0.950,1.000,sugar,0.950
Brussels sprout,vegetable_fresh,vegetable,shallot,1.000,raw,Rutabaga,1.000,always,Rutabaga,VERGERS,mandarin,1.000,0.740,Soybean,1.000,0.10,Brussels sprout,1.000,0.856,Rutabaga,1.000
"Capelin, fillet",animal_product,fish_seafood,seafood,0.773,raw,perche du Nil,1.000,always,perche du Nil,,,,0.933,Tuna noodle casserole,0.915,0.40,Capelin,0.950,0.819,perche du Nil,1.000
Carambola,vegetable_fresh,vegetable,shallot,1.000,raw,Rutabaga,1.000,always,Rutabaga,VERGERS,mandarin,1.000,0.740,Soybean,1.000,0.20,Rutabaga,1.000,0.856,Rutabaga,1.000
Cardoon,vegetable_fresh,vegetable,fresh vegetable,,raw,Cardoon,1.000,always,Cardoon,VERGERS,Cardoon,1.000,1.043,"Apple juice, canned or bottled, unsweetened, with added ascorbic acid",,0.10,Cardoon,1.000,1.000,Cardoon,1.000
Carrots,vegetable_fresh,vegetable,carrot,0.950,raw,Carotte UE,1.000,always,Carotte UE,LEGUMES-FLEURS,Carotte UE,1.000,1.000,carrot,0.950,0.10,Carotte UE,1.000,0.856,Carotte UE,1.000
Cashew,nut_oilseed_raw,nut_oilseed,cashew,1.000,raw,cashew,1.000,none,Noix de cajou,FRUITS A COQUES,cashew,1.000,0.600,cashew,1.000,0.50,Noix de cajou,0.950,1.000,Noix de cajou,0.950
Cassava,vegetable_fresh,vegetable,yam,1.000,raw,Myrtille FR,1.000,always,Myrtille FR,LEGUMES-FLEURS,squash,1.000,0.550,"Cassava,flour",0.950,0.10,Cassava,1.000,0.856,Myrtille FR,1.000
Cauliflower,vegetable_fresh,vegetable,cauliflower,1.000,raw,cauliflower,1.000,always,Myrtille FR,LEGUMES-FLEURS,cauliflower,1.000,0.900,cauliflower,1.000,0.20,Cauliflower,1.000,0.856,Myrtille FR,1.000
Celeriac,spice_condiment_additive,spice_condiment,vinegar,1.000,processed,Vinaigre balsamique FR,1.000,always,Vinaigre balsamique FR,VIGNES,vinegar,1.000,1.000,vinegar,1.000,0.10,Celeriac,1.000,1.000,Vinaigre balsamique FR,1.000
Celery,vegetable_fresh,vegetable,cabbage,1.000,raw,Céleri,1.000,always,Céleri,LEGUMES-FLEURS,celery,1.000,0.600,radish,1.000,0.03,Céleri,1.000,0.856,Céleri,1.000
Cherry,vegetable_fresh,fruit,cherry,1.000,raw,Cerise par défaut,1.000,always,Cerise par défaut,VERGERS,cherry,1.000,1.000,cherry,1.000,0.20,Cerise par défaut,1.000,0.856,Cerise par défaut,1.000
Cherry tomato,vegetable_fresh,vegetable,tomato,0.950,raw,Tomates cerises,0.950,always,Tomates cerises,VERGERS,Tomates cerises,0.950,1.000,tomato,0.950,0.20,Tomates cerises,0.950,0.856,Tomates cerises,0.950
Chestnut,nut_oilseed_processed,nut_oilseed,almond,0.935,processed,,,none,,FRUITS A COQUES,chestnut,1.000,0.460,Almonds,1.000,0.50,Châtaigne,1.000,1.000,Châtaigne,1.000
"Chia seed, dried",nut_oilseed_processed,nut_oilseed,sunflower,0.818,processed,,,none,,TOURNESOL,Graines de chia,0.901,0.400,sunflower,0.818,0.00,Graines de chia,0.901,1.000,Graines de chia,0.901
"Chickpeas, dried","vegetable_processed,organic",vegetable,yam,0.934,processed,,,none,,LEGUMINEUSES A GRAIN,Pois chiches,0.950,0.750,"Cowpeas, dried, boiled",1.000,0.20,Pois chiches,0.950,2.330,Pois chiches,0.950
Chicory root,spice_condiment_additive,spice_condiment,mustard,0.995,processed,Racine de chicorée,1.000,always,Racine de chicorée,LEGUMES-FLEURS,Racine de chicorée,1.000,0.230,"Alfalfa, leaf, meal",1.000,0.20,Racine de chicorée,1.000,0.856,Racine de chicorée,1.000
Chili peppers,vegetable_fresh,fruit,grape,0.999,raw,piments,0.950,always,piments,VIGNES,piments,0.950,0.450,"Cauliflower, boiled",1.000,0.03,piments,0.950,0.856,piments,0.950
Chive,vegetable_fresh,vegetable,fresh vegetable,,raw,Radis FR,,always,Radis FR,VERGERS,apple,,1.043,"Apple juice, canned or bottled, unsweetened, with added ascorbic acid",,0.10,Radis FR,,1.000,Radis FR,
Cinnamon,spice_condiment_additive,spice_condiment,spice,0.999,processed,Cannelle,1.000,none,Cannelle,DIVERS,Cannelle,1.000,0.560,"Cinnamon, powder",0.950,0.10,Cannelle,1.000,1.000,Cannelle,1.000
Clementine,vegetable_fresh,fruit,pineapple,0.945,raw,Clémentine par défaut,1.000,always,Clémentine par défaut,VERGERS,clementine,1.000,0.950,plum,0.945,0.20,Clémentine par défaut,1.000,0.856,Clémentine par défaut,1.000
Cocoa bean,vegetable_processed,vegetable,garlic,1.000,processed,,,none,,LEGUMES-FLEURS,fève de cacao,1.000,0.300,garlic,1.000,0.10,fève de cacao,1.000,1.000,fève de cacao,1.000
Cocoa butter,dairy_product,dairy,,,processed,Beurre de cacao par défaut,1.000,once_transformed,Beurre de cacao par défaut,,,,0.911,Butter,0.950,0.00,Beurre de cacao par défaut,1.000,1.000,Beurre de cacao par défaut,1.000
Cocoa powder,vegetable_processed,vegetable,tuber,0.995,processed,Poudre de cacao par défaut,1.000,none,Poudre de cacao par défaut,FRUITS A COQUES,Poudre de cacao par défaut,1.000,1.260,Nutella,1.000,0.00,Poudre de cacao par défaut,1.000,1.000,Poudre de cacao par défaut,1.000
"Coconut, dehusked",nut_oilseed_raw,nut_oilseed,coconut,0.950,raw,coconut,0.950,none,Noix de coco décortiquée,FRUITS A COQUES,Noix de coco décortiquée,1.000,0.500,coconut,0.950,0.50,Noix de coco décortiquée,1.000,1.000,Noix de coco décortiquée,1.000
Coffee beans,vegetable_processed,vegetable,tuber,0.774,processed,Thé (feuilles) UE,1.000,none,Thé (feuilles) UE,VERGERS,Thé (feuilles) UE,1.000,1.000,"Coffee, brewed",1.000,0.00,Thé (feuilles) UE,1.000,1.000,coffee,0.950
Common sole,animal_product,fish_seafood,,,raw,Sole commune,1.000,none,Sole commune,,,,0.610,"Millet flour, finger",0.909,0.58,Sole commune,1.000,2.259,Sole commune,1.000
Coriander,spice_condiment_additive,spice_condiment,spice,0.999,processed,Coriandre,1.000,none,Coriandre,DIVERS,Coriandre,1.000,0.500,spice,0.999,0.10,Coriandre,1.000,1.000,Coriandre,1.000
Corn,grain_raw,grain,pasta,0.587,raw,corn,1.000,none,Ensilage maïs FR,MAIS GRAIN ET ENSILAGE,corn,1.000,0.720,corn,1.000,0.50,Ensilage maïs FR,1.000,2.259,Ensilage maïs FR,1.000
Corn glucose syrup,grain_processed,grain,pasta,0.849,processed,sirop de glucose de maïs,1.000,none,sirop de glucose de maïs,DIVERS,sirop de glucose de maïs,1.000,1.380,"Syrup, corn",1.000,0.00,sirop de glucose de maïs,1.000,1.000,sirop de glucose de maïs,1.000
Cow,dairy_product,dairy,,,processed,Vache,1.000,none,Vache,,,,1.050,cow,1.000,0.00,Vache,1.000,2.330,Vache,1.000
Cow milk,dairy_product,dairy,,,processed,Lait de chèvre FR,1.000,once_transformed,Lait de chèvre FR,,,,0.911,Butter,1.000,0.00,Lait de chèvre FR,1.000,1.000,Lait de chèvre FR,1.000
Crab,animal_product,fish_seafood,,,raw,Crabe,1.000,always,Crabe,,,,1.000,crab,1.000,0.50,Crabe,1.000,0.819,Crabe,1.000
Cranberry,vegetable_fresh,vegetable,yam,1.000,raw,Myrtille FR,1.000,always,Myrtille FR,LEGUMES-FLEURS,squash,1.000,1.052,"Cranberry juice cocktail, bottled",0.950,0.03,Myrtille FR,1.000,0.856,Myrtille FR,1.000
Cucumber,vegetable_fresh,vegetable,cabbage,1.000,raw,Concombre,1.000,always,Concombre,LEGUMES-FLEURS,cucumber,1.000,1.000,cucumber,1.000,0.10,Concombre,1.000,0.856,Concombre,1.000
Cucurbitacea seed,nut_oilseed_raw,nut_oilseed,seed,1.000,raw,seed,1.000,none,seed,AUTRES OLEAGINEUX,seed,1.000,0.770,"Clover, seed",1.000,0.00,seed,1.000,2.259,seed,1.000
Dates,vegetable_processed,vegetable,yam,1.000,processed,,,none,,LEGUMES-FLEURS,Dattes,1.000,1.023,"Guava nectar, canned",1.000,0.00,Dattes,1.000,1.000,Dattes,1.000
"Dill, fresh",spice_condiment_additive,spice_condiment,aromatic herb,0.900,processed,Herbe de prairie temporaire FR,0.900,none,Herbe de prairie temporaire FR,PRAIRIES TEMPORAIRES,Herbe de prairie temporaire FR,0.900,0.300,aromatic herb,0.900,0.00,Herbe de prairie temporaire FR,0.900,1.000,Herbe de prairie temporaire FR,0.900
"Dried herbs (marjoram, oregano, savory, thyme, basil, rosemary, sage)",vegetable_processed,vegetable,dried vegetable,0.790,processed,,,none,,FRUITS A COQUES,"Herbes séchées (marjolaine, origan, sarriette, thym, basilic, romarin, sauge)",1.000,2.165,"Salt, sodium chloride",0.669,0.10,Basil,0.950,1.000,"Herbes séchées (marjolaine, origan, sarriette, thym, basilic, romarin, sauge)",1.000
Duck,animal_product,meat,,,raw,Canard,1.000,always,Canard,,,,1.000,duck,1.000,0.00,Canard,1.000,0.755,Canard,1.000
Durum wheat,grain_raw,grain,rice,1.000,raw,Blé dur UE,1.000,none,Blé dur UE,AUTRES CEREALES,durum wheat,1.000,0.770,Wheat,0.950,0.00,Blé dur UE,1.000,2.259,Blé dur UE,1.000
Egg,animal_product,meat,egg,1.000,raw,Œuf,1.000,none,Œuf,,,,1.000,egg,1.000,0.20,Œuf,1.000,0.974,Œuf,1.000
Eggplant,vegetable_fresh,vegetable,cabbage,1.000,raw,Aubergine,1.000,none,Aubergine,LEGUMES-FLEURS,eggplant,1.000,1.000,eggplant,1.000,0.10,Aubergine,1.000,0.856,Aubergine,1.000
Elderberries,vegetable_fresh,vegetable,fresh vegetable,,raw,Radis FR,,always,Radis FR,VERGERS,apple,,1.043,"Apple juice, canned or bottled, unsweetened, with added ascorbic acid",,0.10,Radis FR,,1.000,Radis FR,
Endive,vegetable_fresh,fruit,currant,0.999,raw,Endive,1.000,always,Endive,LEGUMES-FLEURS,Endive,1.000,1.000,mustard,0.998,0.20,Endive,1.000,0.856,Endive,1.000
"Farmed carp, fillet",animal_product,fish_seafood,,,raw,"Carpe d'élevage, filet",1.000,always,"Carpe d'élevage, filet",,,,0.933,Tuna noodle casserole,0.916,0.40,"Carpe d'élevage, filet",1.000,0.819,"Carpe d'élevage, filet",1.000
"Farmed turbot, fillet",animal_product,fish_seafood,,,raw,"Carpe d'élevage, filet",1.000,always,"Carpe d'élevage, filet",,,,0.933,Tuna noodle casserole,0.916,0.56,Turbot,0.950,0.819,"Carpe d'élevage, filet",1.000
Fennel,vegetable_fresh,vegetable,onion,0.999,raw,Fenouil FR,1.000,always,Fenouil FR,LEGUMES-FLEURS,fennel,1.000,0.300,lettuce,1.000,0.20,Fenouil FR,1.000,0.856,Fenouil FR,1.000
Fig,vegetable_fresh,fruit,fig,1.000,raw,figue,1.000,always,figue,VERGERS,figue,1.000,0.900,fig,1.000,0.30,figue,1.000,0.856,figue,1.000
"Flageolet beans, green, dried",vegetable_processed,vegetable,yam,0.934,processed,,,none,,LEGUMES-FLEURS,Haricot flageolet UE,0.950,0.750,"Cowpeas, dried, boiled",1.000,0.20,Haricot flageolet UE,0.950,2.330,Haricot flageolet UE,0.950
Flaxseed,vegetable_fresh,vegetable,garlic,0.921,raw,graines de lin,1.000,none,graines de lin,AUTRES OLEAGINEUX,graines de lin,1.000,0.700,Flaxseed,1.000,0.10,graines de lin,1.000,1.000,graines de lin,1.000
French beans,vegetable_processed,vegetable,yam,1.000,processed,Soja,1.000,none,Soja,AUTRES OLEAGINEUX,Soja,1.000,1.023,"Guava nectar, canned",1.000,0.10,French bean,0.950,2.259,Soja,1.000
"Fresh herbs (dill, basil, chervil, rosemary, sage, thyme)",spice_condiment_additive,spice_condiment,salt,0.820,processed,Persil frais,1.000,none,Persil frais,PRAIRIES TEMPORAIRES,Persil frais,1.000,0.730,Fresh green peas (minji),0.846,0.10,Basil,0.950,1.000,Persil frais,1.000
Gadidae,vegetable_fresh,vegetable,fresh vegetable,,raw,Gadidés,1.000,always,Gadidés,VERGERS,Gadidés,1.000,1.043,"Apple juice, canned or bottled, unsweetened, with added ascorbic acid",,0.10,Gadidés,1.000,1.000,Gadidés,1.000
Gherkin,vegetable_fresh,vegetable,shallot,0.894,raw,Rutabaga,0.894,always,Rutabaga,VERGERS,mandarin,0.894,0.740,Soybean,0.894,0.20,Rutabaga,0.894,0.856,Rutabaga,0.894
Ginger,spice_condiment_additive,spice_condiment,spice,0.999,processed,Gingembre,1.000,none,Gingembre,DIVERS,Gingembre,1.000,0.500,spice,0.999,0.10,Gingembre,1.000,1.000,Gingembre,1.000
Goat,animal_product,meat,goat,1.000,raw,Chèvre,1.000,none,Chèvre,,,,1.050,goat,1.000,0.00,Chèvre,1.000,2.330,Chèvre,1.000
Gooseberry,vegetable_fresh,vegetable,shallot,1.000,raw,Groseille rouge,0.950,always,Groseille rouge,VERGERS,Groseille rouge,0.950,0.740,Soybean,1.000,0.20,Groseille rouge,0.950,0.856,Groseille rouge,0.950
Grapefruit,vegetable_fresh,fruit,grapefruit,1.000,raw,Pamplemousse,1.000,always,Pamplemousse,VERGERS,grapefruit,1.000,1.000,grape,0.950,0.30,Pamplemousse,1.000,0.856,Pamplemousse,1.000
Grapes (black or white),vegetable_fresh,fruit,grape,0.950,raw,grape,0.950,none,Soja,VIGNES,grape,0.950,1.000,grape,0.950,0.10,Grape,0.950,2.259,Soja,1.000
Green cabbage,vegetable_fresh,vegetable,cabbage,0.950,raw,chou vert,1.000,always,chou vert,LEGUMES-FLEURS,chou vert,1.000,0.900,cabbage,0.950,0.20,chou vert,1.000,0.856,chou vert,1.000
Greengage plum,vegetable_fresh,fruit,pineapple,1.000,raw,Prune reine-claude,1.000,none,Prune reine-claude,VERGERS,Prune reine-claude,1.000,1.080,Orange curacao,1.000,0.20,Prune reine-claude,1.000,0.856,Prune reine-claude,1.000
Guava,vegetable_fresh,vegetable,yam,1.000,raw,Myrtille FR,1.000,always,Myrtille FR,LEGUMES-FLEURS,squash,1.000,1.023,"Guava nectar, canned",0.950,0.03,Myrtille FR,1.000,0.856,Myrtille FR,1.000
Hake,animal_product,fish_seafood,,,raw,Sardine FR,1.000,always,,,,,1.050,tuna,1.000,0.60,Hake,1.000,1.000,Sardine FR,1.000
"Hazelnuts, shelled",nut_oilseed_raw,nut_oilseed,hazelnut,0.950,raw,hazelnut,0.950,none,Noix avec coque UE,FRUITS A COQUES,hazelnut,0.950,0.550,hazelnut,0.950,0.50,Noix avec coque UE,1.000,1.000,hazelnut,0.950
Hemp grain,grain_raw,grain,cereal,0.924,raw,Riz basmati UE,0.925,none,Riz basmati UE,BLE TENDRE,wheat flour,0.925,0.535,"Sorghum, seed",1.000,0.00,Riz basmati UE,0.925,2.259,Riz basmati UE,0.925
Herring,animal_product,fish_seafood,herring,1.000,raw,hareng,1.000,none,hareng,,,,1.000,herring,1.000,0.50,hareng,1.000,2.330,hareng,1.000
"Horseradish, fresh",vegetable_fresh,vegetable,radish,0.950,raw,Radis,0.950,always,Radis,LEGUMES-FLEURS,radish,0.950,0.600,radish,0.950,0.03,Radish,0.950,0.850,radish,0.950
Jerusalem artichoke,vegetable_fresh,vegetable,cabbage,1.000,raw,Artichaut FR,0.950,always,Artichaut FR,LEGUMES-FLEURS,artichoke,0.950,0.600,radish,1.000,0.60,Artichaut FR,0.950,0.856,Artichaut FR,0.950
Kale,vegetable_fresh,vegetable,yam,1.000,raw,Myrtille FR,1.000,always,Myrtille FR,LEGUMES-FLEURS,squash,1.000,0.900,cauliflower,1.000,0.03,Myrtille FR,1.000,0.856,Myrtille FR,1.000
Kiwi,vegetable_fresh,fruit,kiwi,1.000,raw,Kiwi par défaut,1.000,always,Kiwi par défaut,VERGERS,kiwi,1.000,1.000,kiwi,1.000,0.10,Kiwi par défaut,1.000,0.856,Kiwi par défaut,1.000
Kohlrabi,vegetable_fresh,vegetable,yam,1.000,raw,Myrtille FR,1.000,always,Myrtille FR,LEGUMES-FLEURS,squash,1.000,0.900,cauliflower,1.000,0.03,Myrtille FR,1.000,0.856,Myrtille FR,1.000
Kumquat,vegetable_fresh,fruit,pineapple,0.945,raw,Kumquat,1.000,always,Kumquat,VERGERS,Kumquat,1.000,0.950,plum,0.945,0.20,Kumquat,1.000,0.856,Kumquat,1.000
Lamb,animal_product,meat,,,raw,Agneau,1.000,always,Agneau,,,,1.050,lamb,1.000,0.00,Agneau,1.000,0.755,Agneau,1.000
Leek,vegetable_fresh,vegetable,leek,1.000,raw,poireau,1.000,always,poireau,LEGUMES-FLEURS,leek,1.000,0.900,leek,1.000,0.20,poireau,1.000,0.856,poireau,1.000
Lemon,vegetable_fresh,fruit,lemon,1.000,raw,Citron,1.000,always,Citron,VERGERS,lemon,1.000,1.000,lemon,1.000,0.30,Citron,1.000,0.856,Citron,1.000
Lentil,vegetable_fresh,vegetable,lentil,1.000,raw,Lentille,1.000,none,Lentille,LEGUMINEUSES A GRAIN,lentil,1.000,0.800,lentil,1.000,0.00,Lentille,1.000,2.330,Lentille,1.000
Lentil dried,vegetable_processed,vegetable,lentil,0.950,processed,,,none,,LEGUMINEUSES A GRAIN,lentil,0.950,0.800,lentil,0.950,0.00,Lentille,0.950,2.330,Lentille,0.950
Lima beans,vegetable_fresh,fruit,grape,0.999,raw,Haricots de Lima,1.000,always,Haricots de Lima,VIGNES,Haricots de Lima,1.000,1.010,Green chartreuse,1.000,0.00,Haricots de Lima,1.000,0.856,Haricots de Lima,1.000
Lobster,animal_product,fish_seafood,,,raw,Homard,1.000,always,Homard,,,,1.000,lobster,1.000,0.50,Homard,1.000,0.819,Homard,1.000
Lupin,vegetable_fresh,vegetable,yam,0.935,raw,Lupin,1.000,always,Lupin,LEGUMES-FLEURS,Lupin,1.000,0.900,cauliflower,0.935,0.03,Lupin,1.000,0.856,Lupin,1.000
Lupin seed,vegetable_fresh,vegetable,pumpkin,0.930,raw,Lupin,0.950,always,Lupin,LEGUMES-FLEURS,Lupin,0.950,1.000,pumpkin,0.930,0.03,Lupin,0.950,0.856,Lupin,0.950
Lychee,vegetable_fresh,fruit,lychee,1.000,raw,Abricot UE,1.000,always,Abricot UE,VERGERS,lychee,1.000,1.000,lychee,1.000,0.20,Abricot UE,1.000,0.856,lychee,1.000
Macadamia nut,nut_oilseed_raw,nut_oilseed,almond,1.000,raw,noix de macadamia,0.950,none,noix de macadamia,FRUITS A COQUES,noix de macadamia,0.950,0.550,almond,1.000,0.50,noix de macadamia,0.950,1.000,noix de macadamia,0.950
Mackerel,animal_product,fish_seafood,,,raw,Maquereau,1.000,always,Maquereau,,,,1.000,mackerel,1.000,0.48,Maquereau,1.000,1.000,Maquereau,1.000
Mango,vegetable_fresh,fruit,mango,1.000,raw,mangue,1.000,always,mangue,VERGERS,mango,1.000,0.950,mango,1.000,0.20,mangue,1.000,0.856,mangue,1.000
Maple syrup,animal_product,meat,cow,0.858,raw,sirop d'érable,1.000,none,sirop d'érable,,,,1.280,"Syrup, blackcurrant, undiluted",0.998,0.00,sirop d'érable,1.000,1.000,sirop d'érable,1.000
"Melon (honeydew, Charentais, Cataloupe, Cavaillon)",vegetable_fresh,fruit,melon,0.950,raw,Melon par défaut,0.950,none,Melon par défaut,LEGUMES-FLEURS,melon,0.950,1.000,melon,0.950,0.40,Melon par défaut,0.950,0.856,Melon par défaut,0.950
Millet,grain_raw,grain,pasta,0.587,raw,Millet,1.000,none,Millet,AUTRES CEREALES,millet,1.000,0.640,Millet,1.000,0.50,Millet,1.000,2.259,Millet,1.000
Mint,vegetable_fresh,vegetable,bell pepper,0.931,raw,bell pepper,0.931,none,Sucre roux ou mélasse de canne,LEGUMES-FLEURS,bell pepper,0.931,0.900,bell pepper,0.931,0.10,Mint,1.000,1.000,Sucre roux ou mélasse de canne,0.922
Molokhia powder,grain_raw,grain,bread,0.997,raw,Poudre de Molokhia,1.000,always,Poudre de Molokhia,BLE TENDRE,Poudre de Molokhia,1.000,0.225,Powders,1.000,0.40,Poudre de Molokhia,1.000,1.000,Poudre de Molokhia,1.000
Morello cherry,vegetable_fresh,fruit,cherry,0.950,raw,Cerise par défaut,0.950,always,Cerise par défaut,VERGERS,cherry,0.950,1.000,cherry,0.950,0.20,Cerise par défaut,0.950,0.856,Cerise par défaut,0.950
"Mung bean, sprouted",vegetable_fresh,vegetable,onion,0.996,raw,chou de Bruxelles,1.000,always,chou de Bruxelles,VERGERS,chou de Bruxelles,1.000,0.950,Green bean casserole,1.000,0.10,chou de Bruxelles,1.000,0.856,chou de Bruxelles,1.000
"Mushroom, morel",vegetable_fresh,fruit,grape,1.000,raw,pousses de bambou,1.000,always,pousses de bambou,LEGUMES-FLEURS,pousses de bambou,1.000,1.013,"Tamarind nectar, canned",1.000,0.10,Mushroom,0.950,0.856,pousses de bambou,1.000
"Mussels, with shell",animal_product,fish_seafood,mussel,0.950,raw,mussel,0.950,none,Poulet de chair,,,,1.000,mussel,0.950,0.75,Mussels,0.950,2.330,Poulet de chair,0.896
Mustard seed,spice_condiment_additive,spice_condiment,mustard,0.950,processed,Graines de moutarde,0.950,none,Graines de moutarde,LEGUMINEUSES A GRAIN,Graines de moutarde,0.950,1.000,mustard,0.950,0.10,Graines de moutarde,0.950,0.856,Graines de moutarde,0.950
Nectarine,vegetable_fresh,vegetable,yam,1.000,raw,Nectarine,1.000,always,Nectarine,VERGERS,nectarine,1.000,0.900,cauliflower,1.000,0.03,Nectarine,1.000,0.856,Nectarine,1.000
New Zealand spinach,vegetable_fresh,vegetable,spinach,0.950,raw,Épinards de Nouvelle-Zélande,1.000,always,Épinards de Nouvelle-Zélande,LEGUMES-FLEURS,Épinards de Nouvelle-Zélande,1.000,0.900,spinach,0.950,0.03,Épinards de Nouvelle-Zélande,1.000,0.856,Épinards de Nouvelle-Zélande,1.000
Nile perch,animal_product,fish_seafood,,,raw,perche du Nil,1.000,always,perche du Nil,,,,0.933,Tuna noodle casserole,0.915,0.50,perche du Nil,1.000,0.819,perche du Nil,1.000
Nutmeg,spice_condiment_additive,spice_condiment,spice,0.996,processed,Noix de muscade,1.000,none,Noix de muscade,DIVERS,Noix de muscade,1.000,0.500,spice,0.996,0.10,Noix de muscade,1.000,1.000,Noix de muscade,1.000
Oats,vegetable_fresh,vegetable,fresh vegetable,,raw,Avoine,1.000,none,Avoine,AUTRES CEREALES,Avoine,1.000,0.410,Oats,1.000,0.00,Avoine,1.000,2.259,Avoine,1.000
Okra,vegetable_fresh,vegetable,yam,1.000,raw,Myrtille FR,1.000,always,Myrtille FR,LEGUMES-FLEURS,squash,1.000,0.900,cauliflower,1.000,0.03,Myrtille FR,1.000,0.856,Myrtille FR,1.000
Olives,vegetable_fresh,vegetable,yam,1.000,raw,Olives,1.000,always,Olives,OLIVIERS,Olives,1.000,0.650,"Olives, green, with stone",0.950,0.50,Olives,1.000,1.000,Olives,1.000
Onions,vegetable_processed,vegetable,onion,0.950,processed,Oignons,1.000,none,Oignons,LEGUMES-FLEURS,Oignons,1.000,0.220,"Onions, chopped",0.950,0.10,Oignons,1.000,1.000,Oignons,1.000
Oranges,vegetable_fresh,fruit,orange,0.950,raw,Oranges,1.000,always,Oranges,VERGERS,Oranges,1.000,0.950,orange,0.950,0.20,Oranges,1.000,0.856,Oranges,1.000
Palm fruit,vegetable_processed,fruit,grapefruit,0.916,processed,fruit du palmier,1.000,none,fruit du palmier,AUTRES CULTURES INDUSTRIELLES,fruit du palmier,1.000,0.770,Rapeseed,0.914,0.00,fruit du palmier,1.000,0.856,fruit du palmier,1.000
Papaya,vegetable_fresh,fruit,papaya,1.000,raw,Abricot UE,1.000,always,Abricot UE,VERGERS,pear,1.000,1.000,lychee,1.000,0.20,Abricot UE,1.000,0.856,papaya,1.000
"Parsley, fresh",spice_condiment_additive,spice_condiment,aromatic herb,0.900,processed,Herbe de prairie temporaire FR,0.900,none,Herbe de prairie temporaire FR,PRAIRIES TEMPORAIRES,Herbe de prairie temporaire FR,0.900,0.300,aromatic herb,0.900,0.10,Parsley,0.950,1.000,Herbe de prairie temporaire FR,0.900
Parsnips,vegetable_processed,vegetable,yam,1.000,processed,Soja,1.000,none,Soja,AUTRES OLEAGINEUX,Soja,1.000,1.023,"Guava nectar, canned",1.000,0.00,Soja,1.000,2.259,Soja,1.000
Passion fruit,vegetable_fresh,fruit,melon,1.000,raw,Abricot UE,1.000,always,Abricot UE,VERGERS,pear,1.000,1.000,lychee,1.000,0.20,Abricot UE,1.000,0.856,fruit,0.950
Peaches,vegetable_fresh,fruit,peach,0.950,raw,Pêches,1.000,always,Pêches,VERGERS,Pêches,1.000,0.900,peach,0.950,0.20,Pêches,1.000,0.856,Pêches,1.000
Peanut,nut_oilseed_raw,nut_oilseed,peanut,1.000,raw,peanut,1.000,none,beurre de cacahuète ou pâte de cacahuète,FRUITS A COQUES,peanut,1.000,0.550,peanut,1.000,0.00,beurre de cacahuète ou pâte de cacahuète,0.950,1.000,beurre de cacahuète ou pâte de cacahuète,0.950
Peanut butter or peanut paste,dairy_product,dairy,,,processed,beurre de cacahuète ou pâte de cacahuète,1.000,none,beurre de cacahuète ou pâte de cacahuète,,,,1.000,peanut butter,0.950,0.00,beurre de cacahuète ou pâte de cacahuète,1.000,1.000,beurre de cacahuète ou pâte de cacahuète,1.000
Pears,vegetable_fresh,vegetable,yam,1.000,raw,Poireau FR,1.000,always,Poireau FR,LEGUMES-FLEURS,Poireau FR,1.000,1.023,"Guava nectar, canned",1.000,0.20,Poireau FR,1.000,0.856,Poireau FR,1.000
"Peas, with pods",vegetable_fresh,vegetable,fresh vegetable,,raw,Radis FR,,always,Radis FR,VERGERS,apple,,1.043,"Apple juice, canned or bottled, unsweetened, with added ascorbic acid",,0.10,Radis FR,,1.000,Radis FR,
Persimmon,vegetable_fresh,vegetable,yam,1.000,raw,Myrtille FR,1.000,always,Myrtille FR,LEGUMES-FLEURS,squash,1.000,0.900,cauliflower,1.000,0.03,Myrtille FR,1.000,0.856,Myrtille FR,1.000
Pig,animal_product,meat,pig,1.000,raw,Cochon,1.000,none,Cochon,,,,1.050,pig,1.000,0.00,Cochon,1.000,2.330,Cochon,1.000
Pine nuts,nut_oilseed_raw,nut_oilseed,nut,0.917,raw,pignons de pin,1.000,none,pignons de pin,FRUITS A COQUES,pignons de pin,1.000,0.500,Cashews,1.000,0.50,pignons de pin,1.000,1.000,pignons de pin,1.000
Pineapple,vegetable_fresh,fruit,pineapple,1.000,raw,pineapple,1.000,always,Ananas Bio,VERGERS,pineapple,1.000,0.950,pineapple,1.000,0.50,Pineapple,1.000,0.856,pineapple,1.000
Pistachios,nut_oilseed_raw,nut_oilseed,pistachio,0.950,raw,Pistaches,1.000,none,Pistaches,FRUITS A COQUES,Pistaches,1.000,0.500,pistachio,0.950,0.50,Pistaches,1.000,1.000,Pistaches,1.000
Plantain,animal_product,meat,cow,1.000,raw,Plantain,1.000,none,Plantain,,,,0.919,Lard,1.000,0.00,Plantain,1.000,2.330,Plantain,1.000
Pomegranate,vegetable_fresh,fruit,pomegranate,1.000,raw,Banane,1.000,always,Banane,VERGERS,apple,1.000,0.900,apple,1.000,0.20,Pomegranate,1.000,0.856,Banane,1.000
Poppy seeds,animal_product,meat,cow,0.997,raw,graines de pavot,1.000,always,graines de pavot,,,,0.960,Lard (at 15.6 C),1.000,0.48,graines de pavot,1.000,1.000,graines de pavot,1.000
Potato,vegetable_fresh,vegetable,potato,1.000,raw,Pomme de terre,1.000,always,Pomme de terre,LEGUMES-FLEURS,potato,1.000,1.100,potato,1.000,0.10,Pomme de terre,1.000,0.856,Pomme de terre,1.000
Prickly pear,grain_processed,grain,rice,0.839,processed,Mélange de céréales FR,0.913,none,Mélange de céréales FR,AUTRES CEREALES,Mélange de céréales FR,0.913,0.370,"Breakfast cereal, muesli w/ fruits&nuts",0.924,0.64,Common dab,0.913,2.259,Mélange de céréales FR,0.913
Pumpkin,vegetable_fresh,vegetable,pumpkin,1.000,raw,Citrouille,1.000,always,Citrouille,LEGUMES-FLEURS,pumpkin,1.000,1.000,pumpkin,1.000,0.20,Citrouille,1.000,0.856,Citrouille,1.000
Quince,vegetable_fresh,vegetable,yam,1.000,raw,Myrtille FR,1.000,always,Myrtille FR,LEGUMES-FLEURS,squash,1.000,0.900,cauliflower,1.000,0.03,Myrtille FR,1.000,0.856,Myrtille FR,1.000
Quinoa,grain_processed,grain,rice,0.908,processed,Quinoa,1.000,none,Quinoa,AUTRES CEREALES,quinoa,1.000,0.530,Oat Flour,0.908,0.00,Quinoa,1.000,1.000,Quinoa,1.000
Rabbit,animal_product,meat,,,raw,Lapin,1.000,always,Lapin,,,,1.000,rabbit,1.000,0.00,Lapin,1.000,0.755,Lapin,1.000
Radish,vegetable_fresh,vegetable,radish,1.000,raw,Radis Bio,0.950,always,Radis Bio,LEGUMES-FLEURS,radish,1.000,0.600,radish,1.000,0.03,Radish,1.000,0.850,radish,1.000
Rapeseed,nut_oilseed_raw,nut_oilseed,rapeseed,1.000,raw,colza,1.000,none,colza,COLZA,rapeseed,1.000,0.770,Rapeseed,1.000,0.00,colza,1.000,2.259,colza,1.000
Raspberry,vegetable_fresh,fruit,raspberry,1.000,raw,Framboise UE,1.000,always,Framboise UE,LEGUMES-FLEURS,Framboise UE,1.000,0.900,raspberry,1.000,0.03,Framboise UE,1.000,0.856,Framboise UE,1.000
"Raw rice, all varieties (white, wild, c Thai or basmati rice, raw)",grain_raw,grain,pasta,0.702,raw,"Riz cru, toutes variétés (blanc, sauvage, riz thaï ou basmati, cru)",1.000,always,"Riz cru, toutes variétés (blanc, sauvage, riz thaï ou basmati, cru)",RIZ,basmati rice,0.950,0.850,"Rice, raw",0.950,0.00,"Riz cru, toutes variétés (blanc, sauvage, riz thaï ou basmati, cru)",1.000,0.792,"Riz cru, toutes variétés (blanc, sauvage, riz thaï ou basmati, cru)",1.000
"Red beans, dried",vegetable_processed,fruit,grape,0.913,processed,,,none,,LEGUMINEUSES A GRAIN,Haricots rouges,0.950,1.010,Green chartreuse,0.914,0.00,Haricots rouges,0.950,0.856,Haricots rouges,0.950
Red currant,vegetable_fresh,fruit,currant,0.950,raw,Rutabaga,1.000,always,Rutabaga,VERGERS,mandarin,1.000,0.740,Soybean,1.000,0.20,Currant,0.950,0.856,Rutabaga,1.000
Red endive,vegetable_fresh,fruit,grape,0.999,raw,endive rouge,1.000,always,endive rouge,LEGUMES-FLEURS,endive rouge,1.000,1.010,Green chartreuse,1.000,0.20,endive rouge,1.000,0.856,endive rouge,1.000
Red mullet,animal_product,fish_seafood,,,processed,haricots verts,1.000,none,haricots verts,,,,1.010,Green chartreuse,1.000,0.58,Surmullet or red mullet ,0.950,1.000,haricots verts,1.000
Rhubarb,vegetable_fresh,vegetable,yam,1.000,raw,Rhubarbe,1.000,always,Rhubarbe,LEGUMES-FLEURS,Rhubarbe,1.000,0.900,cauliflower,1.000,0.03,Rhubarbe,1.000,0.856,Rhubarbe,1.000
Rutabaga,vegetable_fresh,vegetable,shallot,1.000,raw,Rutabaga,1.000,always,Rutabaga,VERGERS,Rutabaga,1.000,0.740,Soybean,1.000,0.20,Rutabaga,1.000,0.856,Rutabaga,1.000
Saffron,spice_condiment_additive,spice_condiment,spice,0.996,processed,,,none,,DIVERS,Noix de muscade,1.000,0.500,spice,0.996,0.10,Noix de muscade,1.000,1.000,Noix de muscade,1.000
Saithe,animal_product,fish_seafood,salmon,0.893,raw,Saumon,0.893,always,Saumon,,,,1.060,Yellow chartreuse,0.997,0.64,Saithe,1.000,1.000,Saumon,0.893
"Salad, lettuce",vegetable_fresh,vegetable,potato,0.838,raw,"Salade, laitue",1.000,always,"Salade, laitue",LEGUMES-FLEURS,"Salade, laitue",1.000,0.300,lettuce,0.950,0.40,"Salade, laitue",1.000,0.856,"Salade, laitue",1.000
"Salicornia, fresh",animal_product,meat,fresh meat,0.846,processed,Estragon frais,1.000,once_transformed,Estragon frais,,,,0.730,Fresh green peas (minji),1.000,0.20,Estragon frais,1.000,1.000,Estragon frais,1.000
Salmon,animal_product,fish_seafood,,,raw,Saumon,1.000,always,Saumon,,,,1.050,salmon,1.000,0.50,Saumon,1.000,1.000,Saumon,1.000
Salsify,spice_condiment_additive,spice_condiment,vinegar,1.000,processed,Vinaigre balsamique FR,1.000,always,Vinaigre balsamique FR,VIGNES,vinegar,1.000,1.000,vinegar,1.000,0.20,Salsify,1.000,1.000,Vinaigre balsamique FR,1.000
Sardines,animal_product,fish_seafood,sardine,0.950,raw,Sardines,1.000,always,Sardines,,,,1.000,sardine,0.950,0.20,Sardines,1.000,1.000,Sardines,1.000
Scallops,animal_product,fish_seafood,seafood,0.896,raw,Poulet de chair,0.896,none,Poulet de chair,,,,0.790,"Kidney beans, dry, boiled",1.000,0.86,Scallop,0.950,2.330,Poulet de chair,0.896
Sea bass,animal_product,fish_seafood,,,raw,Sardine FR,1.000,always,Sardine FR,,,,1.050,tuna,1.000,0.20,Sardine FR,1.000,1.000,Sardine FR,1.000
"Sea salt, celery salt, or fleur de sel",spice_condiment_additive,spice_condiment,salt,0.761,raw,Céleri,0.950,always,Céleri,LEGUMES-FLEURS,celery,0.950,1.060,Yellow chartreuse,0.805,0.03,Céleri,0.950,0.856,Céleri,0.950
Seaweed,grain_raw,grain,bread,0.989,raw,"Levure (comestible, chimique ou de boulangerie)",1.000,always,"Levure (comestible, chimique ou de boulangerie)",BLE TENDRE,"Levure (comestible, chimique ou de boulangerie)",1.000,0.580,Casein,1.000,0.40,"Levure (comestible, chimique ou de boulangerie)",1.000,1.000,powder,1.000
Semolina,grain_processed,grain,semolina,1.000,processed,semolina,1.000,none,semolina,BLE TENDRE,semolina,1.000,0.700,semolina,1.000,0.00,semolina,1.000,2.500,semolina,1.000
Sesame seeds,nut_oilseed_processed,nut_oilseed,sunflower,0.896,processed,Graines de sésame,1.000,once_transformed,Graines de sésame,AUTRES OLEAGINEUX,Graines de sésame,1.000,0.400,sunflower,0.896,0.00,Graines de sésame,1.000,1.000,Graines de sésame,1.000
Shallots,vegetable_fresh,vegetable,shallot,0.950,raw,Échalotes,1.000,always,Échalotes,LEGUMES-FLEURS,Échalotes,1.000,1.023,"Guava nectar, canned",1.000,0.10,Échalotes,1.000,0.856,Échalotes,1.000
Sheep milk,dairy_product,dairy,,,processed,Lait de chèvre FR,1.000,once_transformed,Lait de chèvre FR,,,,0.911,Butter,1.000,0.00,Lait de chèvre FR,1.000,1.000,Lait de chèvre FR,1.000
Shrimp,animal_product,fish_seafood,,,raw,Crevette,1.000,always,Crevette,,,,1.000,shrimp,1.000,0.55,Crevette,1.000,0.819,Crevette,1.000
Snail,animal_product,meat,cow,1.000,raw,Escargot,1.000,none,Escargot,,,,0.919,Lard,1.000,0.00,Escargot,1.000,2.330,Escargot,1.000
Snow pea,vegetable_fresh,vegetable,potato,0.916,raw,patate douce,0.916,always,patate douce,LEGUMES-FLEURS,potato,0.916,1.054,Bean soup,0.916,0.03,patate douce,0.916,0.856,patate douce,0.916
Soft wheat,grain_raw,grain,rice,1.000,raw,wheat,0.950,none,Farine de riz par défaut,BLE TENDRE,soft wheat,1.000,0.770,Wheat,0.950,0.00,Farine de riz par défaut,1.000,1.000,Farine de riz par défaut,1.000
Sorghum,grain_processed,grain,rice,1.000,processed,Sorgho,1.000,none,Sorgho,BLE TENDRE,Sorgho,1.000,0.540,"Sorghum, fermented flour",0.950,0.00,Sorgho,1.000,1.000,Sorgho,1.000
"Soy protein, textured",vegetable_fresh,vegetable,lentil,0.996,raw,Lentille,0.996,none,Lentille,LEGUMINEUSES A GRAIN,lentil,0.996,0.700,"Soy, flour ",1.000,0.00,Lentille,0.996,2.330,Lentille,0.996
Soybean,nut_oilseed_processed,nut_oilseed,soybean,1.000,processed,,,none,,AUTRES OLEAGINEUX,soybean,1.000,0.740,Soybean,1.000,0.00,Soja,0.950,2.259,soybean,1.000
Spelt,grain_processed,grain,rice,1.000,processed,Farine de riz par défaut,1.000,none,Farine de riz par défaut,AUTRES CEREALES,spelt,1.000,0.530,Oat Flour,1.000,0.00,Farine de riz par défaut,1.000,1.000,Farine de riz par défaut,1.000
Spinach,vegetable_fresh,vegetable,spinach,1.000,raw,Épinard,1.000,always,Épinard,LEGUMES-FLEURS,spinach,1.000,0.900,spinach,1.000,0.03,Épinard,1.000,0.856,Épinard,1.000
"Spirits (pastis, brandy, gin, rum, vodka, whiskey, armagnac, cognac, sake, calvados)",animal_product,meat,cow,0.793,raw,"Spiritueux (pastis, brandy, gin, rhum, vodka, whisky, armagnac, cognac, saké, calvados)",1.000,always,"Spiritueux (pastis, brandy, gin, rhum, vodka, whisky, armagnac, cognac, saké, calvados)",,,,1.040,Brandy,0.950,0.10,"Spiritueux (pastis, brandy, gin, rhum, vodka, whisky, armagnac, cognac, saké, calvados)",1.000,0.856,"Spiritueux (pastis, brandy, gin, rhum, vodka, whisky, armagnac, cognac, saké, calvados)",1.000
Split pea,vegetable_fresh,vegetable,pea,0.786,raw,"Salade, laitue",0.867,always,"Salade, laitue",LEGUMINEUSES A GRAIN,split pea,1.000,1.100,"Stew, pea + potato/banana",0.885,0.40,Salad,0.869,0.856,"Salade, laitue",0.867
Spring faba,vegetable_fresh,vegetable,fresh vegetable,,raw,Radis FR,,always,Radis FR,VERGERS,apple,,1.043,"Apple juice, canned or bottled, unsweetened, with added ascorbic acid",,0.10,Radis FR,,1.000,Radis FR,
Spring pea,vegetable_fresh,vegetable,jarred vegetable,0.942,raw,pois de printemps,0.950,none,pois de printemps,LEGUMES-FLEURS,pois de printemps,0.950,0.825,Eggplant parmesan,0.942,0.20,pois de printemps,0.950,2.330,pois de printemps,0.950
Spring water,grain_processed,grain,bread,0.663,processed,Autres eaux et autres boissons (non encore répertoriées),0.997,none,Autres eaux et autres boissons (non encore répertoriées),VIGNES,eau de source,0.997,1.000,Water,0.950,0.00,Autres eaux et autres boissons (non encore répertoriées),0.997,1.000,Autres eaux et autres boissons (non encore répertoriées),0.997
"Squash, raw, with skin",vegetable_fresh,vegetable,squash,0.950,raw,Courge UE,0.950,always,Courge UE,LEGUMES-FLEURS,squash,0.950,0.630,"Cassava, raw",1.000,0.20,Courge UE,0.950,0.856,Courge UE,0.950
Squid,animal_product,fish_seafood,,,raw,squid,1.000,always,Homard,,,,1.000,squid,1.000,0.64,Squid,1.000,0.819,squid,1.000
Starch corn,grain_raw,grain,pasta,0.985,raw,gluten de blé,0.998,none,gluten de blé,BLE TENDRE,gluten de blé,0.998,0.540,"Corn/maize starch, loosely packed",1.000,0.20,gluten de blé,0.998,2.259,gluten de blé,0.998
Strawberry,vegetable_fresh,fruit,strawberry,1.000,raw,Fraise,1.000,always,Fraise,LEGUMES-FLEURS,Fraise,1.000,0.950,strawberry,1.000,0.03,Fraise,1.000,0.856,Fraise,1.000
Sugar beet,spice_condiment_additive,spice_condiment,sugar,0.950,processed,Betterave à sucre,1.000,always,Betterave à sucre,AUTRES CULTURES INDUSTRIELLES,Betterave à sucre,1.000,0.950,Sugar,0.950,0.00,Betterave à sucre,1.000,1.000,Betterave à sucre,1.000
"Sugar, white",spice_condiment_additive,spice_condiment,sugar,0.950,processed,"Sucre, blanc",1.000,none,"Sucre, blanc",DIVERS,"Sucre, blanc",1.000,0.900,"Sugar, white",1.000,0.00,"Sucre, blanc",1.000,1.000,"Sucre, blanc",1.000
"Sunflower, seed",nut_oilseed_raw,nut_oilseed,sunflower,0.950,raw,"tournesol, graine",1.000,none,"tournesol, graine",TOURNESOL,"tournesol, graine",1.000,0.620,"Sunflower, seed",1.000,0.50,"tournesol, graine",1.000,1.000,"tournesol, graine",1.000
Sweet potato,vegetable_fresh,vegetable,potato,0.950,raw,patate douce,1.000,always,patate douce,LEGUMES-FLEURS,patate douce,1.000,0.650,"Sweet potato, boiled",0.950,0.03,patate douce,1.000,0.856,patate douce,1.000
Swiss chard,vegetable_fresh,vegetable,yam,1.000,raw,Myrtille FR,1.000,always,Myrtille FR,LEGUMES-FLEURS,squash,1.000,0.900,cauliflower,1.000,0.03,Myrtille FR,1.000,0.856,Myrtille FR,1.000
Swordfish,animal_product,fish_seafood,,,raw,Escargot,1.000,none,Escargot,,,,0.919,Lard,1.000,0.40,Swordfish,1.000,2.330,Escargot,1.000
Tamarind,vegetable_fresh,vegetable,yam,1.000,raw,Tamarin,0.950,always,Tamarin,LEGUMES-FLEURS,Tamarin,0.950,1.013,"Tamarind nectar, canned",0.950,0.03,Tamarin,0.950,0.856,Tamarin,0.950
Tapioca,spice_condiment_additive,spice_condiment,vinegar,0.998,processed,Tapioca,1.000,none,Tapioca,LEGUMES-FLEURS,Tapioca,1.000,0.600,Loquat,1.000,0.00,Tapioca,1.000,12.000,Tapioca,1.000
"Taro, tuber",vegetable_fresh,vegetable,tuber,0.950,raw,"Taro, tubercule",1.000,always,"Taro, tubercule",LEGUMES-FLEURS,"Taro, tubercule",1.000,1.013,"Tamarind nectar, canned",1.000,0.10,"Taro, tubercule",1.000,0.856,"Taro, tubercule",1.000
Tarragon fresh,vegetable_processed,vegetable,tuber,0.874,processed,Autres huiles (non encore répertoriées),0.876,once_transformed,Autres huiles (non encore répertoriées),TOURNESOL,Autres huiles (non encore répertoriées),0.876,1.040,Peppermint schnapps,0.876,0.20,Tarragon,0.950,1.000,Autres huiles (non encore répertoriées),0.876
"Tea, fresh leaf",vegetable_processed,vegetable,tuber,0.719,processed,,,none,,VERGERS,"Thé, feuilles fraîches",1.000,1.000,"Coffee, brewed",0.928,0.00,"Thé, feuilles fraîches",1.000,1.000,"Thé, feuilles fraîches",1.000
Tomato,vegetable_fresh,vegetable,tomato,1.000,raw,Tomate,1.000,once_transformed,Tomate,LEGUMES-FLEURS,tomato,1.000,1.000,tomato,1.000,0.03,Tomate,1.000,0.856,Tomate,1.000
Triticale,grain_processed,grain,rice,0.920,processed,Triticale,1.000,none,Triticale,BLE TENDRE,Triticale,1.000,0.560,Bran,1.000,0.00,Triticale,1.000,2.259,Triticale,1.000
Tuna,animal_product,fish_seafood,,,processed,,,always,,,,,1.050,tuna,1.000,0.40,Tuna,1.000,1.000,Sardine FR,1.000
Turnip,vegetable_fresh,vegetable,turnip,1.000,raw,Brocoli UE,1.000,always,Brocoli UE,LEGUMES-FLEURS,turnip,1.000,0.600,radish,1.000,0.20,Turnips,0.950,0.856,turnip,1.000
"Vanilla, alcoholic or aqueous extract",spice_condiment_additive,spice_condiment,salt,0.992,processed,"Extrait de vanille, alcoolique ou aqueux",1.000,none,"Extrait de vanille, alcoolique ou aqueux",DIVERS,"Extrait de vanille, alcoolique ou aqueux",1.000,2.165,"Salt, sodium chloride",0.992,0.00,"Extrait de vanille, alcoolique ou aqueux",1.000,1.000,"Extrait de vanille, alcoolique ou aqueux",1.000
Veal,animal_product,meat,,,raw,Veau,1.000,always,Veau,,,,1.050,veal,1.000,0.00,Veau,1.000,0.755,Veau,1.000
Walnuts,nut_oilseed_processed,nut_oilseed,almond,0.935,processed,,,none,,FRUITS A COQUES,walnut,0.950,0.500,walnut,0.950,0.50,Walnuts,1.000,1.000,Amandes en coque UE,1.000
Watermelon,vegetable_fresh,fruit,watermelon,1.000,raw,Pastèque,1.000,always,Pastèque,LEGUMES-FLEURS,watermelon,1.000,1.000,watermelon,1.000,0.40,Pastèque,1.000,0.856,Pastèque,1.000
Wheat gluten,grain_raw,grain,pasta,0.985,raw,gluten de blé,1.000,none,gluten de blé,BLE TENDRE,gluten de blé,1.000,0.770,Wheat,0.950,0.20,gluten de blé,1.000,2.259,gluten de blé,1.000
"White beans, dried",vegetable_processed,fruit,grape,0.913,processed,,,none,,LEGUMINEUSES A GRAIN,white bean,0.950,1.010,Green chartreuse,0.914,0.10,haricots verts,0.914,1.000,haricots verts,0.914
White cabbage,vegetable_fresh,vegetable,cabbage,0.950,raw,chou blanc,1.000,always,chou blanc,LEGUMES-FLEURS,chou blanc,1.000,0.900,cabbage,0.950,0.20,chou blanc,1.000,0.856,chou blanc,1.000
Whole barley,grain_raw,grain,pasta,0.997,raw,Orge entière,1.000,none,Orge entière,ORGE,Orge entière,1.000,0.620,Barley,0.950,0.00,Orge entière,1.000,2.259,Orge entière,1.000
Whole millet,grain_raw,grain,pasta,0.997,raw,Millet,0.950,none,Millet,AUTRES CEREALES,millet,0.950,0.640,Millet,0.950,0.50,Millet,0.950,2.259,Millet,0.950
Whole rye,grain_processed,grain,pasta,0.997,processed,seigle entier,1.000,none,seigle entier,BLE TENDRE,seigle entier,1.000,0.640,"Corn/maize, meal",1.000,0.20,seigle entier,1.000,2.259,seigle entier,1.000
Winter pea,vegetable_fresh,vegetable,jarred vegetable,0.942,raw,pois d'hiver,0.950,none,pois d'hiver,LEGUMES-FLEURS,pois d'hiver,0.950,0.825,Eggplant parmesan,0.942,0.20,pois d'hiver,0.950,2.330,pois d'hiver,0.950
Yam,vegetable_fresh,vegetable,yam,1.000,raw,Myrtille FR,1.000,always,Myrtille FR,LEGUMES-FLEURS,squash,1.000,0.900,cauliflower,1.000,0.03,Myrtille FR,1.000,0.856,Myrtille FR,1.000
"Yeast (edible, chemical, or baker's)",grain_raw,grain,bread,0.985,raw,"Levure (comestible, chimique ou de boulangerie)",1.000,always,"Levure (comestible, chimique ou de boulangerie)",BLE TENDRE,"Levure (comestible, chimique ou de boulangerie)",1.000,0.950,Yeast,0.950,0.40,"Levure (comestible, chimique ou de boulangerie)",1.000,1.000,"Levure (comestible, chimique ou de boulangerie)",1.000
Zucchini,vegetable_fresh,vegetable,zucchini,1.000,raw,zucchini,1.000,none,Fève,LEGUMES-FLEURS,zucchini,1.000,1.000,zucchini,1.000,0.10,Fève,1.000,0.856,zucchini,1.000
