Id unique,item,Liste 4.1 Trad,icv final,Production_FR,location,proxy
EB_id0001,Agave,Agave,"Agave tequilana, at farm {MX} U",NON FR,MX,Non FR
EB_id0002,"Almonds, in shell",Amandes en coquille,"Almonds, in shell, at farm {CN} - Adapted from WFLDB U",FR,CN,Proxy origine
EB_id0003,Amaranth,Amarante,"Durum wheat grain, conventional, national average, at farm gate {FR} U",FR,FR,Pas de proxy origine
EB_id0004,Anchovies,Anchois,"Landed anchovy, fresh {ES}| anchovy, capture by steel purse seiner and landing whole, fresh | Cut-off, U",NON FR,ES,Non FR
EB_id0005,Apple,Pomme,"Apple, conventional, national average, at orchard {FR} U",FR,FR,Pas de proxy origine
EB_id0006,Apricots,abricots,"Apricot, conventional, national average, at orchard {FR} U",FR,FR,Pas de proxy origine
EB_id0007,"Arctic char, fillet","omble chevalier, filet","Small trout, 250-350g, conventional, at farm gate {FR} U",NON FR,FR,Non FR
EB_id0008,Asparagus,Asperge,"White asparagus {FR}| white asparagus production | Cut-off, U - Copied from Ecoinvent U",FR,FR,Pas de proxy origine
EB_id0009,Avocado,Avocat,"Avocado {GLO}| avocado production | Cut-off, U",NON FR,GLO,Non FR
EB_id0010,Baking powder,Levure chimique,"Baking powder or raising agent, recipe, at plant {FR} U",FR,FR,Pas de proxy origine
EB_id0011,Bamboo shoots,pousses de bambou,"White asparagus {CN}| white asparagus production | Cut-off, U",NON FR,CN,Non FR
EB_id0012,Banana,Banane,"Banana, mixed production, West Indies, at farm gate {WI} U",DOM,WI,Proxy origine
EB_id0013,Basmati rice,riz basmati,"Rice, basmati {IN}| rice production, basmati | Cut-off, U",NON FR,IN,Non FR
EB_id0014,Bay leaves,feuilles de laurier,"Mint {RoW}| mint production | Cut-off, U - Adapted from Ecoinvent U {RoW}",FR,RoW,Proxy origine
EB_id0015,Beef cattle,Boeuf,"Beef cattle, conventional, national average, at farm gate {FR} U",FR,FR,Pas de proxy origine
EB_id0016,Beetroot,Betterave,"Beetroot for juice, conventional, at farm gate {FR} U",FR,FR,Pas de proxy origine
EB_id0017,"Bell pepper, green, yellow or red","Poivron, vert, jaune ou rouge","Bell pepper {FR}| bell pepper production, in unheated greenhouse | Cut-off, U - Adapted from Ecoinvent U",FR,FR,Pas de proxy origine
EB_id0018,Big-scale sand smelt,Atherina boyeri,"European Pilchard, Sardina pilchardus, BBiscay, Seine, average, at landing {FR} U",NON FR,FR,Non FR
EB_id0019,Black currant,cassis,"Strawberry, conventional, national average, at farm gate {FR} U {FR}",FR,FR,Pas de proxy origine
EB_id0020,Black mulberry,Mûre noire,"Blackberry, at farm {RS} - Adapted from WFLDB U",NON FR,RS,Non FR
EB_id0021,Black pepper,Poivre noir,"Black pepper, dried, conventional, at plant {VN} U {VN}",NON FR,VN,Non FR
EB_id0022,Blueberry,Myrtille,"Blueberry, at farm {CA} - Adapted from WFLDB U",FR,CA,Proxy origine
EB_id0023,Bogue,Bogue,"European Pilchard, Sardina pilchardus, BBiscay, Seine, average, at landing {FR} U",NON FR,FR,Non FR
EB_id0024,Brazil nuts,noix du Brésil,"Peanut {IN}| peanut production | Cut-off, U",NON FR,IN,Non FR
EB_id0025,Breadfruit,fruit à pain,"Mango, conventional, Val de San Francisco, at orchard {BR} U",DOM,BR,Proxy origine
EB_id0026,Broad bean,Fève,"Fava bean, Swiss integrated production {CH}| fava bean production, Swiss integrated production, at farm | Cut-off, U - Adapted from Ecoinvent U",FR,CH,Proxy origine
EB_id0027,Broccoli,Brocoli,"Broccoli {GLO}| production | Cut-off, U - Adapted from Ecoinvent U",FR,GLO,Proxy origine
EB_id0028,Broiler,Poulet de chair,"Broiler, conventional, at farm gate {FR} U",FR,FR,Pas de proxy origine
EB_id0029,Brown sugar or cane mola,Sucre roux ou mélasse de canne,"Sugar, from sugarcane {GLO}| market for | Cut-off, S - Copied from Ecoinvent U {GLO}",NON FR,GLO,Non FR
EB_id0030,Brussels sprout,chou de Bruxelles,"Cauliflower, conventional, national average, at farm gate {FR} U",FR,FR,Pas de proxy origine
EB_id0031,"Capelin, fillet","Capelan, filet","Albacore, Thunnus alalunga, NEA, Pelagic trawl, average, at landing {FR} U",FR,FR,Pas de proxy origine
EB_id0032,Carambola,Carambole,"Mango {RoW}| mango production | Cut-off, U",NON FR,RoW,Non FR
EB_id0033,Cardoon,Cardoon,"Cauliflower {CH}| cauliflower production, conventional, plain region | Cut-off, U",NON FR,CH,Non FR
EB_id0034,Carrots,Carottes,"Carrot, conventional, national average, at farm gate {FR} U",FR,FR,Pas de proxy origine
EB_id0035,Cashew,Noix de cajou,"Cashew {RoW}| cashew production | Cut-off, U",NON FR,RoW,Non FR
EB_id0036,Cassava,Manioc,"Carrot {RoW}| carrot production | Cut-off, U - Copied from Ecoinvent U",DOM,RoW,Proxy origine
EB_id0037,Cauliflower,Chou-fleur,"Cauliflower, conventional, national average, at farm gate {FR} U",FR,FR,Pas de proxy origine
EB_id0038,Celeriac,Céleri-rave,"Carrot, conventional, national average, at farm gate {FR} U",FR,FR,Pas de proxy origine
EB_id0039,Celery,Céleri,"Celery {GLO}| 675 production | Cut-off, U - Adapted from Ecoinvent U",FR,GLO,Proxy origine
EB_id0040,Cherry,Cerise,"Cherry, conventional, national average, at orchard {FR} U",FR,FR,Pas de proxy origine
EB_id0041,Cherry tomato,Tomates cerises,"Tomato, medium size, conventional, soil based, non-heated greenhouse, at greenhouse {FR} U {FR}",FR,FR,Pas de proxy origine
EB_id0042,Chestnut,Châtaigne,"Walnut, dried inshell, conventional, national average, at farm gate {FR} U",FR,FR,Pas de proxy origine
EB_id0043,"Chia seed, dried",Graines de chia,"Linseed {RoW}| linseed production | Cut-off, U - Adapted from Ecoinvent U",FR,RoW,Proxy origine
EB_id0044,"Chickpeas, dried",Pois chiches ,"Chickpea seed, organic, at farm gate {FR} U",FR,FR,Pas de proxy origine
EB_id0045,Chicory root,Racine de chicorée,"Chicory roots, conventional, at farm gate {FR} U",FR,FR,Pas de proxy origine
EB_id0046,Chili peppers,piments,"Bell pepper {FR}| bell pepper production, in unheated greenhouse | Cut-off, U - Adapted from Ecoinvent U {FR}",FR,FR,Pas de proxy origine
EB_id0047,Chive,Ciboulette,"Onion, conventional, national average, at farm {FR} U",FR,FR,Pas de proxy origine
EB_id0048,Cinnamon,Cannelle,"Black pepper, conventional, at farm gate {VN} U",NON FR,VN,Non FR
EB_id0049,Clementine,Clémentine,"Clementine, export quality, Souss, at orchard {MA} U",FR,MA,Proxy origine
EB_id0050,Cocoa bean,fève de cacao,"Cocoa bean {ID}| cocoa bean production, sun-dried | Cut-off, U",NON FR,ID,Non FR
EB_id0051,Cocoa butter,beurre de cacao,"Cocoa butter, at plant {RER} - Adapted from WFLDB U",NON FR,RER,Non FR
EB_id0052,Cocoa powder,Poudre de cacao,"Cocoa powder, at plant {RER} - Adapted from WFLDB U",NON FR,RER,Non FR
EB_id0053,"Coconut, dehusked",Noix de coco décortiquée,"Coconut, dehusked {ID}| coconut production, dehusked | Cut-off, U - Adapted from Ecoinvent U",DOM,ID,Proxy origine
EB_id0054,Coffee beans,Café en grains,"Coffee, green bean {IN}| coffee green bean production, arabica | Cut-off, U - Copied from Ecoinvent U",NON FR,IN,Non FR
EB_id0055,Common sole,Sole commune,"Common Sole, Solea solea, BBiscay, Trammel Net, average, at landing {FR} U",FR,FR,Pas de proxy origine
EB_id0056,Coriander,Coriandre,"Fennel {GLO}| production | Cut-off, U - Adapted from Ecoinvent U",FR,GLO,Proxy origine
EB_id0057,Corn,Maïs,"Maize grain, conventional, 28% moisture, national average, animal feed, at farm gate {FR} U {FR}",FR,FR,Pas de proxy origine
EB_id0058,Corn glucose syrup,sirop de glucose de maïs,"Corn glucose syrup, at plant {GLO} - Adapted from WFLDB U",FR,GLO,Proxy origine
EB_id0059,Cow,Vache ,"Cull cow, conventional, highland milk system, grass fed, at farm gate {FR} U",FR,FR,Pas de proxy origine
EB_id0060,Cow milk,lait de vache,"Cow milk, conventional, national average, at farm gate {FR} U",FR,FR,Pas de proxy origine
EB_id0061,Crab,Crabe,"Brown crab, 1 kg of product, at landing {GB} U",FR,GB,Proxy origine
EB_id0062,Cranberry,Canneberge,"Cranberry, at farm {CL} - Adapted from WFLDB U",FR,CL,Proxy origine
EB_id0063,Cucumber,Concombre,"Cucumber {GLO}| cucumber production, in heated greenhouse | Cut-off, U - Adapted from Ecoinvent U",FR,GLO,Proxy origine
EB_id0064,Cucurbitacea seed,Graines de Cucurbitacées,"Linseed {RoW}| linseed production | Cut-off, U - Adapted from Ecoinvent U",FR,RoW,Proxy origine
EB_id0065,Dates,Dattes,"Palm date, conditioned and dried {GLO}| palm date production, conditioned and dried | Cut-off, U",NON FR,GLO,Non FR
EB_id0066,"Dill, fresh","Aneth, frais","Mint {RoW}| mint production | Cut-off, U - Adapted from Ecoinvent U",FR,RoW,Proxy origine
EB_id0067,"Dried herbs (marjoram, oregano, savory, thyme, basil, rosemary, sage)","Herbes séchées (marjolaine, origan, sarriette, thym, basilic, romarin, sauge)","Mint {RoW}| mint production | Cut-off, U - Adapted from Ecoinvent U {RoW}",FR,RoW,Proxy origine
EB_id0068,Duck,Canard ,"Duck for roasting, conventional, at farm gate {FR} U",FR,FR,Pas de proxy origine
EB_id0069,Durum wheat,blé dur,"Durum wheat grain, conventional, national average, at farm gate {FR} U",FR,FR,Pas de proxy origine
EB_id0070,Egg,Œuf ,"Egg, conventionnal, national average, at farm gate {FR} U",FR,FR,Pas de proxy origine
EB_id0071,Eggplant,Aubergine,"Zucchini, conventional, national average, at farm gate {FR} U",FR,FR,Pas de proxy origine
EB_id0072,Elderberries,baies de sureau,"Elderberry, at farm {PL} - Adapted from WFLDB U",FR,PL,Proxy origine
EB_id0073,Endive,Endive,"Lettuce, conventional, national average, at farm gate {FR} U",FR,FR,Pas de proxy origine
EB_id0074,"Farmed carp, fillet","Carpe d'élevage, filet","Large trout, 2-4kg, conventional, at farm gate {FR} U {FR}",FR,FR,Pas de proxy origine
EB_id0075,"Farmed turbot, fillet","Turbot d'élevage, filet","Sea bass or sea bream, 200-500g, conventional, in cage, at farm gate {FR} U {FR}",FR,FR,Pas de proxy origine
EB_id0076,Fennel,Fenouil,"Fennel {GLO}| production | Cut-off, U - Adapted from Ecoinvent U",FR,GLO,Proxy origine
EB_id0077,Fig,figue,"Peach, conventional, national average, at orchard {FR} U",FR,FR,Pas de proxy origine
EB_id0078,"Flageolet beans, green, dried",Haricots flageolets verts ,"Fava bean, Swiss integrated production {CH}| fava bean production, Swiss integrated production, at farm | Cut-off, U - Adapted from Ecoinvent U",FR,CH,Proxy origine
EB_id0079,Flaxseed,graines de lin,"Flaxseed, straw, ret, Normandie, at farm gate {FR} U",FR,FR,Pas de proxy origine
EB_id0080,French beans,haricots verts,"French bean, conventional, national average, at farm gate {FR} U",FR,FR,Pas de proxy origine
EB_id0081,"Fresh herbs (dill, basil, chervil, rosemary, sage, thyme)","Herbes fraîches (aneth, basilic, cerfeuil, romarin, sauge, thym)","Mint {RoW}| mint production | Cut-off, U - Adapted from Ecoinvent U {RoW}",FR,RoW,Proxy origine
EB_id0082,Gadidae,Gadidés,"Gadidae, CelticSea, Bottom Trawl, average, at landing {FR} U",FR,FR,Pas de proxy origine
EB_id0083,Garlic,Ail,"Onion, conventional, national average, at farm {FR} U",FR,FR,Pas de proxy origine
EB_id0084,Gherkin,Cornichon,"[Dummy] Gherkin, pickled in vinegar, at plant {FR} U",FR,FR,Pas de proxy origine
EB_id0085,Ginger,Gingembre,"Onion {CN}| onion production | Cut-off, U - Adapted from Ecoinvent U",FR,CN,Proxy origine
EB_id0086,Goat,Chèvre,"Conventional goat farm, intensive forage area, kid goat to sale, at farm {FR} U",FR,FR,Pas de proxy origine
EB_id0087,Goat milk,lait de chèvre,"Goat milk, conventional, intensive forage area, at farm gate {FR} U",FR,FR,Pas de proxy origine
EB_id0088,Gooseberry,Groseille,"Strawberry, conventional, national average, at farm gate {FR} U {FR}",FR,FR,Pas de proxy origine
EB_id0089,Grapefruit,Pamplemousse,"Orange, fresh grade, at farm {ES} - Adapted from WFLDB U",FR,ES,Proxy origine
EB_id0090,Grapes (black or white),Raisins (noirs ou blancs),"Grape {RoW}| grape production | Cut-off, U - Adapted from Ecoinvent U {RoW}",FR,RoW,Proxy origine
EB_id0091,Green cabbage,chou vert,"Cauliflower, conventional, national average, at farm gate {FR} U",FR,FR,Pas de proxy origine
EB_id0092,Greengage plum,Prune reine-claude,"Cherry, conventional, national average, at orchard {FR} U",FR,FR,Pas de proxy origine
EB_id0093,Guava,Goyave,"Kiwi {GLO}| production | Cut-off, U - Adapted from Ecoinvent U",DOM,GLO,Proxy origine
EB_id0094,Hake,Merlu,"Saithe, Pollachius virens, NorthSea, Bottom Trawl, average, fresh, at landing {EU} U",FR,EU,Proxy origine
EB_id0095,"Hazelnuts, shelled",Noisettes décortiquées,"Hazelnut, in shell, at farm {IT} - Adapted from WFLDB U",FR,IT,Proxy origine
EB_id0096,Hemp grain,Chanvre,"Hemp, grain, Champagne, at farm gate {FR} U",NON FR,FR,Non FR
EB_id0097,Herring,hareng,"Atlantic Herring, Clupea harengus, NEA, Pelagic Trawl, average, at landing {NL} U",FR,NL,Proxy origine
EB_id0098,Honey,Miel,"Honey, raw, small-scale production, unpackaged, at farm {CH} - Adapted from WFLDB U",FR,CH,Proxy origine
EB_id0099,"Horseradish, fresh",Raifort frais,"Carrot, conventional, national average, at farm gate {FR} U",FR,FR,Pas de proxy origine
EB_id0100,Jerusalem artichoke,topinambour,"Cauliflower, conventional, national average, at farm gate {FR} U {FR}",FR,FR,Pas de proxy origine
EB_id0101,Kale,Chou frisé,"Cauliflower, conventional, national average, at farm gate {FR} U",FR,FR,Pas de proxy origine
EB_id0102,Kiwi,Kiwi,"Kiwi FR, conventional, national average, at plant {FR} U",FR,FR,Pas de proxy origine
EB_id0103,Kohlrabi,Chou-rave,"Cauliflower, conventional, national average, at farm gate {FR} U",FR,FR,Pas de proxy origine
EB_id0104,Kumquat,Kumquat,"Orange, fresh grade {ES}| orange production, fresh grade | Cut-off, U - Adapted from Ecoinvent U",FR,ES,Proxy origine
EB_id0105,Lamb,Agneau,"Lamb, conventional, indoor production system, at farm gate {FR} U",FR,FR,Pas de proxy origine
EB_id0106,Large trout,Grosse truite,"Large trout, 2-4kg, conventional, at farm gate {FR} U",FR,FR,Pas de proxy origine
EB_id0107,Leek,poireau,"Leek, conventional, national average, at plant {FR} U",FR,FR,Pas de proxy origine
EB_id0108,Lemon,Citron,"Lemon {ES}| lemon production | Cut-off, U - Adapted from Ecoinvent U",FR,ES,Proxy origine
EB_id0109,Lentil,Lentille,"Lentil {CA-SK}| lentil production | Cut-off, U - Adapted from Ecoinvent U",FR,CA-SK,Proxy origine
EB_id0110,Lentil dried,Lentilles,"Lentil {CA-SK}| lentil production | Cut-off, U - Adapted from Ecoinvent U",FR,CA-SK,Proxy origine
EB_id0111,Lima beans,Haricots de Lima,"Fava bean {GLO}| market for fava bean | Cut-off, S - Copied from Ecoinvent U",NON FR,GLO,Non FR
EB_id0112,Lobster,Homard,"Lobster, 1 kg of product, at landing {CA} U",FR,CA,Proxy origine
EB_id0113,Lupin,Lupin,"Fava bean, Swiss integrated production {CH}| fava bean production, Swiss integrated production, at farm | Cut-off, U - Adapted from Ecoinvent U",FR,CH,Proxy origine
EB_id0114,Lupin seed,graines de lupin,"Fava bean, Swiss integrated production {CH}| fava bean production, Swiss integrated production, at farm | Cut-off, U - Adapted from Ecoinvent U {CH}",FR,CH,Proxy origine
EB_id0115,Lychee,Litchi,"Mango, conventional, Val de San Francisco, at orchard {BR} U",dom,BR,Proxy origine
EB_id0116,Macadamia nut,noix de macadamia,"Walnuts, unshelled, at processing {FR} U {FR}",FR,FR,Pas de proxy origine
EB_id0117,Mackerel,Maquereau,"Atlantic Mackerel, Scomber scombrus, NEA, Pelagic Trawl, average, at landing {NL} U",FR,NL,Proxy origine
EB_id0118,Mango,mangue,"Mango, conventional, Val de San Francisco, at orchard {BR} U",DOM,BR,Proxy origine
EB_id0119,Maple syrup,sirop d'érable,"Syrup, maple, at processing {CA} U",NON FR,CA,Non FR
EB_id0120,"Melon (honeydew, Charentais, Cataloupe, Cavaillon)","Melon (miellat, Charentais, Cataloupe, Cavaillon)","Melon, conventional, national average, at farm gate {FR} U",FR,FR,Pas de proxy origine
EB_id0121,Millet,Millet,"Wheat grain {FR}| wheat production | Cut-off, U - Adapted from Ecoinvent U",FR,FR,Pas de proxy origine
EB_id0122,Mint,Menthe,"Mint {RoW}| mint production | Cut-off, U - Adapted from Ecoinvent U",FR,RoW,Proxy origine
EB_id0123,Molokhia powder,Poudre de Molokhia,"Lettuce {GLO}| lettuce production, in heated greenhouse | Cut-off, U",NON FR,GLO,Non FR
EB_id0124,Morello cherry,cerise griotte,"Cherry, conventional, national average, at orchard {FR} U",FR,FR,Pas de proxy origine
EB_id0125,"Mung bean, sprouted",Haricot mungo,"Fava bean, Swiss integrated production {CH}| fava bean production, Swiss integrated production, at farm | Cut-off, U - Adapted from Ecoinvent U {CH}",NON FR,CH,Non FR
EB_id0126,"Mushroom, morel","Champignon, morille","Agaricus bisporus mushroom, fresh, at plant {NL} - Adapted from WFLDB U",FR,NL,Proxy origine
EB_id0127,"Mussels, with shell","Moules, avec coquille","Mussels, with shell, at farm gate {FR} U",FR,FR,Pas de proxy origine
EB_id0128,Mustard seed,Graines de moutarde,"Mustard, proxy from Rape seed {Canada without Quebec}| rape seed production | Cut-off, U - Adapted from Ecoinvent U",FR,Canada without Quebec,Proxy origine
EB_id0129,Nectarine,Nectarine,"Peach, conventional, national average, at orchard {FR} U",FR,FR,Pas de proxy origine
EB_id0130,New Zealand spinach,Épinards de Nouvelle-Zélande,"Spinach {CH}| spinach production, conventional, plain region | Cut-off, U",NON FR,CH,Non FR
EB_id0131,Nile perch,perche du Nil,"Large trout fillet, for smoked trout {GLO} U",NON FR,GLO,Non FR
EB_id0132,Nutmeg,Noix de muscade,"Fennel {GLO}| fennel production | Cut-off, U",NON FR,GLO,Non FR
EB_id0133,Oats,Avoine,"Oat grain {RoW}| oat production | Cut-off, U - Adapted from Ecoinvent U {RoW}",FR,RoW,Proxy origine
EB_id0134,Okra,Gombo,"Fennel {GLO}| fennel production | Cut-off, U",NON FR,GLO,Non FR
EB_id0135,Olives,Olives,"Olive {IT}| olive production | Cut-off, U",NON FR,IT,Non FR
EB_id0136,Onions,Oignons,"Onion, conventional, national average, at farm {FR} U",FR,FR,Pas de proxy origine
EB_id0137,Oranges,Oranges,"Orange, fresh grade, at farm {ES} - Adapted from WFLDB U",FR,ES,Proxy origine
EB_id0138,Palm fruit,fruit du palmier,"Palm fruit bunch, with deforestation, on land recently transformed, animal feed, at farm gate {MY} U",NON FR,MY,Non FR
EB_id0139,Papaya,Papaye,"Papaya {GLO}| production | Cut-off, U - Adapted from Ecoinvent U",DOM,GLO,Proxy origine
EB_id0140,"Parsley, fresh",Persil frais,"Parsley, fresh, at farm {US} - Adapted from WFLDB U",FR,US,Proxy origine
EB_id0141,Parsnips,panais,"Carrot, conventional, national average, at farm gate {FR} U",FR,FR,Pas de proxy origine
EB_id0142,Passion fruit,Fruit de la passion,"Kiwi FR, conventional, national average, at orchard {FR} U",NON FR,FR,Non FR
EB_id0143,Peaches,Pêches,"Peach, conventional, national average, at orchard {FR} U",FR,FR,Pas de proxy origine
EB_id0144,Peanut,Arachide,"Peanut {RoW}| peanut production | Cut-off, U - Adapted from Ecoinvent U {RoW}",FR,SN,Proxy origine
EB_id0145,Peanut butter or peanut paste,beurre de cacahuète ou pâte de cacahuète,"Peanut butter or peanut paste, recipe, at plant {FR} U",FR,FR,Pas de proxy origine
EB_id0146,Pears,Poires,"Pear, conventional, national average, at orchard {FR} U",FR,FR,Pas de proxy origine
EB_id0147,"Peas, with pods","Pois, avec leurs cosses","Winter pea, conventional, 15% moisture, at farm gate {FR} U",FR,FR,Pas de proxy origine
EB_id0148,Persimmon,kaki,"Fennel {GLO}| production | Cut-off, U - Adapted from Ecoinvent U",FR,GLO,Proxy origine
EB_id0149,Pig,Cochon,"Mixt pig, conventional, national average, at farm gate {FR} U",FR,FR,Pas de proxy origine
EB_id0150,Pine nuts,pignons de pin,"Peanut {RoW}| peanut production | Cut-off, U - Adapted from Ecoinvent U",FR,RoW,Proxy origine
EB_id0151,Pineapple,Ananas,"Pineapple, at farm {CR} - Adapted from WFLDB U",DOM,CR,Proxy origine
EB_id0152,Pistachios,Pistaches,"Peanut {AR}| peanut production | Cut-off, U - Adapted from Ecoinvent U",FR,AR,Proxy origine
EB_id0153,Plantain,Plantain,"Banana {RoW}| banana production | Cut-off, U - Adapted from Ecoinvent U {RoW}",FR,RoW,Proxy origine
EB_id0154,Pomegranate,Grenade,"Apple, conventional, national average, at orchard {FR} U",FR,FR,Pas de proxy origine
EB_id0155,Poppy seeds,graines de pavot,"Linseed, at farm {CA} - Adapted from WFLDB U",NON FR,CA,Non FR
EB_id0156,Potato,Pomme de terre,"Ware potato, conventional, variety mix, national average, at farm gate {FR} U",FR,FR,Pas de proxy origine
EB_id0157,Prickly pear,Figue de barbarie,"Pear, conventional, national average, at orchard {FR} U {FR}",FR,FR,Pas de proxy origine
EB_id0158,Pumpkin,Citrouille,"Zucchini, conventional, national average, at farm gate {FR} U",FR,FR,Pas de proxy origine
EB_id0159,Quince,Coing,"Apple, conventional, national average, at orchard {FR} U",FR,FR,Pas de proxy origine
EB_id0160,Quinoa,Quinoa,"Quinoa FR, conventional, at farm gate {FR} U",FR,FR,Pas de proxy origine
EB_id0161,Rabbit,Lapin,"Conventional rabbit fattening system, cull rabbit, at farm {FR} U",FR,FR,Pas de proxy origine
EB_id0162,Radish,Radis,"Radish {FR}| radish production, in unheated greenhouse | Cut-off, U - Adapted from Ecoinvent U",FR,FR,Pas de proxy origine
EB_id0163,Rapeseed,colza,"Rapeseed, conventional, 9% moisture, national average, animal feed, at farm gate, production {FR} U {FR}",FR,FR,Pas de proxy origine
EB_id0164,Raspberry,Framboise,"Raspberry, at farm {RS} - Adapted from WFLDB U",FR,RS,Proxy origine
EB_id0165,"Raw rice, all varieties (white, wild, c Thai or basmati rice, raw)","Riz cru, toutes variétés (blanc, sauvage, riz thaï ou basmati, cru)","Rice, non-basmati {CN}| rice production, non-basmati | Cut-off, U - Adapted from Ecoinvent U {CN}",FR,CN,Proxy origine
EB_id0166,"Red beans, dried",Haricots rouges ,"Fava bean, Swiss integrated production {CH}| fava bean production, Swiss integrated production, at farm | Cut-off, U - Adapted from Ecoinvent U {CH}",FR,CH,Proxy origine
EB_id0167,Red currant,Groseille rouge,"Strawberry, conventional, national average, at farm gate {FR} U {FR}",FR,FR,Pas de proxy origine
EB_id0168,Red endive,endive rouge,"Lettuce, conventional, national average, at farm gate {FR} U",FR,FR,Pas de proxy origine
EB_id0169,Red mullet,Rouget,"Common Sole, Solea solea, BBiscay, Trammel Net, average, at landing {FR} U",NON FR,FR,Non FR
EB_id0170,Rhubarb,Rhubarbe,"Cauliflower, conventional, national average, at farm gate {FR} U",FR,FR,Pas de proxy origine
EB_id0171,Rutabaga,Rutabaga,"Carrot, conventional, national average, at farm gate {FR} U",FR,FR,Pas de proxy origine
EB_id0172,Saffron,Safran,"Black pepper, dried, conventional, at plant {VN} U {VN}",FR,VN,Proxy origine
EB_id0173,Saithe,Lieu noir,"Saithe, Pollachius virens, NorthSea, Bottom Trawl, average, fresh, at landing {EU} U",FR,EU,Proxy origine
EB_id0174,"Salad, lettuce","Salade, laitue","Lettuce, conventional, national average, at farm gate {FR} U",FR,FR,Pas de proxy origine
EB_id0175,"Salicornia, fresh","Salicorne, fraîche","Seaweed non-optimized production, 1kg algae (Laminaria), fresh weight {FR} U",NON FR,FR,Non FR
EB_id0176,Salmon,Saumon,"Farmed salmon, gutted, at plant {NO} U",FR,NO,Proxy origine
EB_id0177,Salsify,Salsifi,"Carrot, conventional, national average, at farm gate {FR} U",FR,FR,Pas de proxy origine
EB_id0178,Sardines,Sardines,"European Pilchard, Sardina pilchardus, BBiscay, Seine, average, at landing {FR} U",FR,FR,Pas de proxy origine
EB_id0179,Scallops,Coquilles saint-jacques,"Great Scallop, Pecten maximus, BSBrieuc, Dredge, average, at landing {FR} U",FR,FR,Pas de proxy origine
EB_id0180,Sea bass,Bar,"Sea bass or sea bream, fattening feed 1, conv prod, at farm gate {FR} U",FR,FR,Pas de proxy origine
EB_id0181,"Sea salt, celery salt, or fleur de sel","Sel de mer, sel de céleri ou fleur de sel","Sodium chloride, powder {GLO}| market for | Cut-off, S - Copied from Ecoinvent U {GLO}",FR,GLO,Proxy origine
EB_id0182,Seaweed,Algue,"Seaweed optimized production, 1kg algae (Laminaria), fresh weight {FR} U",FR,FR,Pas de proxy origine
EB_id0183,Semolina,Semoule,"Durum wheat, semolina, at plant {GLO} - Adapted from WFLDB U",FR,GLO,Proxy origine
EB_id0184,Sesame seeds,Graines de sésame,"Peanut {AR}| peanut production | Cut-off, U - Adapted from Ecoinvent U",FR,AR,Proxy origine
EB_id0185,Shallots,Échalotes,"Onion, conventional, national average, at farm {FR} U",FR,FR,Pas de proxy origine
EB_id0186,Sheep milk,lait de brebis,"Sheep milk, conventional, Roquefort system, at farm gate {FR} U",FR,FR,Pas de proxy origine
EB_id0187,Shrimp,Crevette,"Shrimp feed, in mass unit {FR} U",NON FR,FR,Non FR
EB_id0188,Snail,Escargot,"Snail, wild {BE} U",FR,BE,Proxy origine
EB_id0189,Snow pea,pois mange-tout,"Winter pea, conventional, 15% moisture, at farm gate {FR} U",NON FR,FR,Non FR
EB_id0190,Soft wheat,blé tendre,"Soft wheat grain, conventional, breadmaking quality, 15% moisture, at farm gate {FR} U",FR,FR,Pas de proxy origine
EB_id0191,Sorghum,Sorgho,"Sweet sorghum grain {RoW}| sweet sorghum production | Cut-off, U - Adapted from Ecoinvent U",FR,RoW,Proxy origine
EB_id0192,"Soy protein, textured",Protéines de soja texturées,"Soy protein, textured, rehydrated, at plant {FR} U",FR,FR,Pas de proxy origine
EB_id0193,Soybean,Soja,"Soybean grain dried, stored and transported, processing {FR} U",FR,FR,Pas de proxy origine
EB_id0194,Spelt,Epeautre,"Durum wheat grain, conventional, national average, at farm gate {FR} U",FR,FR,Pas de proxy origine
EB_id0195,Spinach,Épinard,"Spinach {GLO}| production | Cut-off, U - Adapted from Ecoinvent U",FR,GLO,Proxy origine
EB_id0196,"Spirits (pastis, brandy, gin, rum, vodka, whiskey, armagnac, cognac, sake, calvados)","Spiritueux (pastis, brandy, gin, rhum, vodka, whisky, armagnac, cognac, saké, calvados)","Brandy production, wine, pure alcohol, French production mix, at plant, 1L brandy (PDi) {FR} U {FR}",FR,FR,Pas de proxy origine
EB_id0197,Split pea,pois cassés,"Winter pea, conventional, 15% moisture, at farm gate {FR} U",FR,FR,Pas de proxy origine
EB_id0198,Spring faba,fèves printanières,"Spring faba bean, conventional, reduced protection, at farm gate {FR} U",FR,FR,Pas de proxy origine
EB_id0199,Spring pea,pois de printemps,"Spring pea, conventional, 15% moisture, animal feed, at farm gate, production {FR} U",FR,FR,Pas de proxy origine
EB_id0200,Spring water,eau de source,"Mineral water, still, PET one-way, 1.5 L, at water factory {FR} - Adapted from WFLDB U {FR}",FR,FR,Pas de proxy origine
EB_id0201,"Squash, raw, with skin","Courge crue, avec la peau","Zucchini, conventional, national average, at farm gate {FR} U",FR,FR,Pas de proxy origine
EB_id0202,Squid,Calmar,"Gadidae, CelticSea, Bottom Trawl, average, at landing {FR} U",FR,FR,Pas de proxy origine
EB_id0203,Starch corn,Fécule de maïs,"Maize starch {GLO}| market for | Cut-off, S - Copied from Ecoinvent U {GLO}",FR,GLO,Proxy origine
EB_id0204,Strawberry,Fraise,"Strawberry, open field, conventional, at farm gate {FR} U",FR,FR,Pas de proxy origine
EB_id0205,Sugar beet,Betterave à sucre,"Sugar beet, at farm {FR} - Adapted from WFLDB U",FR,FR,Pas de proxy origine
EB_id0206,"Sugar, white","Sucre, blanc","Sugar, from sugar beet {GLO}| market for | Cut-off, S - Copied from Ecoinvent U {GLO}",FR,GLO,Proxy origine
EB_id0207,"Sunflower, seed","tournesol, graine","Sunflower grain, conventional, national average, animal feed, at farm gate {UA} U {UA}",FR,UA,Proxy origine
EB_id0208,Sweet potato,Patate douce,"Ware potato, conventional, variety mix, national average, at farm gate {FR} U",FR,FR,Pas de proxy origine
EB_id0209,Swiss chard,Blette,"Spinach {GLO}| production | Cut-off, U - Adapted from Ecoinvent U",FR,GLO,Proxy origine
EB_id0210,Swordfish,Espadon,"Bluefin Tuna, Thunnus thynnus, MedSea, Longline, average, at landing {FR} U",NON FR,FR,Non FR
EB_id0211,Tamarind,Tamarin,"French bean, conventional, national average, at farm gate {FR} U",NON FR,FR,Non FR
EB_id0212,Tapioca,Tapioca,"Carrot {RoW}| carrot production | Cut-off, U - Copied from Ecoinvent U {RoW}",NON FR,RoW,Non FR
EB_id0213,"Taro, tuber","Taro, tubercule","Carrot {GLO}| 335 production | Cut-off, U",NON FR,GLO,Non FR
EB_id0214,Tarragon fresh,Estragon frais,"Mint {RoW}| mint production | Cut-off, U - Adapted from Ecoinvent U {RoW}",FR,RoW,Proxy origine
EB_id0215,"Tea, fresh leaf","Thé, feuilles fraîches","Tea, dried {CN}| tea production, dried | Cut-off, U",NON FR,CN,Non FR
EB_id0216,Tomato,Tomate,"Tomato, average basket, conventional, heated greenhouse, national average, at greenhouse {FR} U",FR,FR,Pas de proxy origine
EB_id0217,Triticale,Triticale,"Triticale straw, animal feed, average practices {FR} U",NON FR,FR,Non FR
EB_id0218,Tuna,Thon,"Albacore tuna, main product, NEA, Pelagic Trawl, land frozen {FR}",FR,FR,Pas de proxy origine
EB_id0219,Turkey,Dinde,"Egg, conventionnal, national average, at farm gate {FR} U",FR,FR,Pas de proxy origine
EB_id0220,Turnip,Navet,"Carrot, conventional, national average, at farm gate {FR} U",FR,FR,Pas de proxy origine
EB_id0221,"Vanilla, alcoholic or aqueous extract","Extrait de vanille, alcoolique ou aqueux","Vanilla {MG}| vanilla production | Cut-off, U - Adapted from Ecoinvent U",DOM,MG,Proxy origine
EB_id0222,Veal,Veau,"Veal, conventional, fattening system, calves from lowland milk system, at farm gate {FR} U",FR,FR,Pas de proxy origine
EB_id0223,Walnuts,Noix,"Walnut, dried inshell, conventional, national average, at farm gate {FR} U",FR,FR,Pas de proxy origine
EB_id0224,Watermelon,Pastèque,"Melon, conventional, national average, at farm gate {FR} U",FR,FR,Pas de proxy origine
EB_id0225,Wheat gluten,gluten de blé,"Wheat gluten meal, at plant {FR} U",FR,FR,Pas de proxy origine
EB_id0226,"White beans, dried",Haricots blancs séchés,"French bean, conventional, national average, at farm gate {FR} U {FR}",FR,FR,Pas de proxy origine
EB_id0227,White cabbage,chou blanc,"Cabbage white {RoW}| cabbage white production | Cut-off, U - Adapted from Ecoinvent U",FR,RoW,Proxy origine
EB_id0228,Whole barley,Orge entière,"Barley grain {FR}| barley production | Cut-off, U - Adapted from Ecoinvent U {FR}",FR,FR,Pas de proxy origine
EB_id0229,Whole millet,millet entier,"Wheat grain {FR}| wheat production | Cut-off, U - Adapted from Ecoinvent U {FR}",FR,FR,Pas de proxy origine
EB_id0230,Whole rye,seigle entier,"Rye grain, feed, Swiss integrated production {CH}| production | Cut-off, U - Copied from Ecoinvent U {CH}",FR,CH,Proxy origine
EB_id0231,Winter pea,pois d'hiver,"Winter pea, conventional, 15% moisture, at farm gate {FR} U",FR,FR,Pas de proxy origine
EB_id0232,Yam,patate douce,"Carrot {GLO}| 335 production | Cut-off, U",NON FR,GLO,Non FR
EB_id0233,"Yeast (edible, chemical, or baker's)","Levure (comestible, chimique ou de boulangerie)","Baking powder or raising agent, recipe, at plant {FR} U {FR}",FR,FR,Pas de proxy origine
EB_id0234,Zucchini,Courgettes,"Zucchini, conventional, national average, at farm gate {FR} U",FR,FR,Pas de proxy origine